sample_id,cell_type,firre_ko,firre_induced,timepoint,replicate,experiment_replicate,timecourse_length,date_sequenced,sample_name,raw_data_read1,raw_data_read2,raw_data_read1_file_name,raw_data_read2_file_name,md5_read1,md5_read2
JR2102,ESC,WT,firre_induced,0,1,1,short,2018-09,JR2102_ESC_WT_firre_induced_0_rep1,/rinnlab/rinngrp/Taeyoung/RinnLab_RNAseq/RawData/Christian_Firre_mESC_Timecourse/Genewiz_Fastq/Rinn-Pool-243-1_R1_001.fastq.gz,/rinnlab/rinngrp/Taeyoung/RinnLab_RNAseq/RawData/Christian_Firre_mESC_Timecourse/Genewiz_Fastq/Rinn-Pool-243-1_R2_001.fastq.gz,Rinn-Pool-243-1_R1_001.fastq.gz,Rinn-Pool-243-1_R2_001.fastq.gz,7c2c778293a6e5219b9b546704626dff,e6f4b2c8714e0a9054cdc6bf9be338ca
JR2103,ESC,WT,firre_induced,30,1,1,short,2018-09,JR2103_ESC_WT_firre_induced_30_rep1,/rinnlab/rinngrp/Taeyoung/RinnLab_RNAseq/RawData/Christian_Firre_mESC_Timecourse/Genewiz_Fastq/Rinn-Pool-243-2_R1_001.fastq.gz,/rinnlab/rinngrp/Taeyoung/RinnLab_RNAseq/RawData/Christian_Firre_mESC_Timecourse/Genewiz_Fastq/Rinn-Pool-243-2_R2_001.fastq.gz,Rinn-Pool-243-2_R1_001.fastq.gz,Rinn-Pool-243-2_R2_001.fastq.gz,3afb8a3f22cf8584e4a000f34d55c855,66c25b44d00373e16040794f3e8671c3
JR2104,ESC,WT,firre_induced,60,1,1,short,2018-09,JR2104_ESC_WT_firre_induced_60_rep1,/rinnlab/rinngrp/Taeyoung/RinnLab_RNAseq/RawData/Christian_Firre_mESC_Timecourse/Genewiz_Fastq/Rinn-Pool-243-3_R1_001.fastq.gz,/rinnlab/rinngrp/Taeyoung/RinnLab_RNAseq/RawData/Christian_Firre_mESC_Timecourse/Genewiz_Fastq/Rinn-Pool-243-3_R2_001.fastq.gz,Rinn-Pool-243-3_R1_001.fastq.gz,Rinn-Pool-243-3_R2_001.fastq.gz,13344b723dfe846ebbc6850fb9e018c2,074a3935774cdf2de77d28d2ef94b169
JR2105,ESC,WT,firre_induced,90,1,1,short,2018-09,JR2105_ESC_WT_firre_induced_90_rep1,/rinnlab/rinngrp/Taeyoung/RinnLab_RNAseq/RawData/Christian_Firre_mESC_Timecourse/Genewiz_Fastq/Rinn-Pool-243-4_R1_001.fastq.gz,/rinnlab/rinngrp/Taeyoung/RinnLab_RNAseq/RawData/Christian_Firre_mESC_Timecourse/Genewiz_Fastq/Rinn-Pool-243-4_R2_001.fastq.gz,Rinn-Pool-243-4_R1_001.fastq.gz,Rinn-Pool-243-4_R2_001.fastq.gz,9b26d343bbe0c1ac64bd7615cff73854,3c4ecd374711cbd4ad278ab7a60900e9
JR2106,ESC,WT,firre_induced,120,1,1,short,2018-09,JR2106_ESC_WT_firre_induced_120_rep1,/rinnlab/rinngrp/Taeyoung/RinnLab_RNAseq/RawData/Christian_Firre_mESC_Timecourse/Genewiz_Fastq/Rinn-Pool-243-5_R1_001.fastq.gz,/rinnlab/rinngrp/Taeyoung/RinnLab_RNAseq/RawData/Christian_Firre_mESC_Timecourse/Genewiz_Fastq/Rinn-Pool-243-5_R2_001.fastq.gz,Rinn-Pool-243-5_R1_001.fastq.gz,Rinn-Pool-243-5_R2_001.fastq.gz,dd1bead4c0f23b603da8b4dcb6680287,a452dee6729c7b691da0b560c2b4962f
JR2107,ESC,WT,firre_induced,150,1,1,short,2018-09,JR2107_ESC_WT_firre_induced_150_rep1,/rinnlab/rinngrp/Taeyoung/RinnLab_RNAseq/RawData/Christian_Firre_mESC_Timecourse/Genewiz_Fastq/Rinn-Pool-243-6_R1_001.fastq.gz,/rinnlab/rinngrp/Taeyoung/RinnLab_RNAseq/RawData/Christian_Firre_mESC_Timecourse/Genewiz_Fastq/Rinn-Pool-243-6_R2_001.fastq.gz,Rinn-Pool-243-6_R1_001.fastq.gz,Rinn-Pool-243-6_R2_001.fastq.gz,6cb60ec2dc5205c3c993de572cfccfdf,095de918731ecd58f99a1594708c000e
JR2108,ESC,WT,firre_induced,180,1,1,short,2018-09,JR2108_ESC_WT_firre_induced_180_rep1,/rinnlab/rinngrp/Taeyoung/RinnLab_RNAseq/RawData/Christian_Firre_mESC_Timecourse/Genewiz_Fastq/Rinn-Pool-243-7_R1_001.fastq.gz,/rinnlab/rinngrp/Taeyoung/RinnLab_RNAseq/RawData/Christian_Firre_mESC_Timecourse/Genewiz_Fastq/Rinn-Pool-243-7_R2_001.fastq.gz,Rinn-Pool-243-7_R1_001.fastq.gz,Rinn-Pool-243-7_R2_001.fastq.gz,f1de95b9db8d53b611ace53b004fd775,a2388f9af1766490a6c891c7ef334ff6
JR2109,ESC,WT,firre_induced,210,1,1,short,2018-09,JR2109_ESC_WT_firre_induced_210_rep1,/rinnlab/rinngrp/Taeyoung/RinnLab_RNAseq/RawData/Christian_Firre_mESC_Timecourse/Genewiz_Fastq/Rinn-Pool-243-8_R1_001.fastq.gz,/rinnlab/rinngrp/Taeyoung/RinnLab_RNAseq/RawData/Christian_Firre_mESC_Timecourse/Genewiz_Fastq/Rinn-Pool-243-8_R2_001.fastq.gz,Rinn-Pool-243-8_R1_001.fastq.gz,Rinn-Pool-243-8_R2_001.fastq.gz,90cbd31b876617e83991baa990e73795,1a0da9465ea9700ff9a9030385598e94
JR2110,ESC,WT,firre_induced,240,1,1,short,2018-09,JR2110_ESC_WT_firre_induced_240_rep1,/rinnlab/rinngrp/Taeyoung/RinnLab_RNAseq/RawData/Christian_Firre_mESC_Timecourse/Genewiz_Fastq/Rinn-Pool-243-9_R1_001.fastq.gz,/rinnlab/rinngrp/Taeyoung/RinnLab_RNAseq/RawData/Christian_Firre_mESC_Timecourse/Genewiz_Fastq/Rinn-Pool-243-9_R2_001.fastq.gz,Rinn-Pool-243-9_R1_001.fastq.gz,Rinn-Pool-243-9_R2_001.fastq.gz,c811cbb7211c128e0e995e2c0cd46626,c18decfa1b16cab4d0d53c592756ee67
JR2111,ESC,WT,firre_induced,270,1,1,short,2018-09,JR2111_ESC_WT_firre_induced_270_rep1,/rinnlab/rinngrp/Taeyoung/RinnLab_RNAseq/RawData/Christian_Firre_mESC_Timecourse/Genewiz_Fastq/Rinn-Pool-243-10_R1_001.fastq.gz,/rinnlab/rinngrp/Taeyoung/RinnLab_RNAseq/RawData/Christian_Firre_mESC_Timecourse/Genewiz_Fastq/Rinn-Pool-243-10_R2_001.fastq.gz,Rinn-Pool-243-10_R1_001.fastq.gz,Rinn-Pool-243-10_R2_001.fastq.gz,fafe41db67a09d08e8879d64672317c1,7ce274dabbe0f333f98158b4b8f1f768
JR2112,ESC,WT,firre_induced,300,1,1,short,2018-09,JR2112_ESC_WT_firre_induced_300_rep1,/rinnlab/rinngrp/Taeyoung/RinnLab_RNAseq/RawData/Christian_Firre_mESC_Timecourse/Genewiz_Fastq/Rinn-Pool-243-11_R1_001.fastq.gz,/rinnlab/rinngrp/Taeyoung/RinnLab_RNAseq/RawData/Christian_Firre_mESC_Timecourse/Genewiz_Fastq/Rinn-Pool-243-11_R2_001.fastq.gz,Rinn-Pool-243-11_R1_001.fastq.gz,Rinn-Pool-243-11_R2_001.fastq.gz,7f7e0d8bb63f5be3d0efcba104fc1ec5,0c00184bedcd8dba94541573f2b60aa5
JR2113,ESC,WT,firre_induced,330,1,1,short,2018-09,JR2113_ESC_WT_firre_induced_330_rep1,/rinnlab/rinngrp/Taeyoung/RinnLab_RNAseq/RawData/Christian_Firre_mESC_Timecourse/Genewiz_Fastq/Rinn-Pool-243-12_R1_001.fastq.gz,/rinnlab/rinngrp/Taeyoung/RinnLab_RNAseq/RawData/Christian_Firre_mESC_Timecourse/Genewiz_Fastq/Rinn-Pool-243-12_R2_001.fastq.gz,Rinn-Pool-243-12_R1_001.fastq.gz,Rinn-Pool-243-12_R2_001.fastq.gz,48e1cbbc6639c37cb84b308dae661b8c,b0ddb0c2e207470b9fc7497c7b13edcb
JR2114,ESC,WT,firre_induced,0,2,1,short,2018-09,JR2114_ESC_WT_firre_induced_0_rep2,/rinnlab/rinngrp/Taeyoung/RinnLab_RNAseq/RawData/Christian_Firre_mESC_Timecourse/Genewiz_Fastq/Rinn-Pool-244-1_R1_001.fastq.gz,/rinnlab/rinngrp/Taeyoung/RinnLab_RNAseq/RawData/Christian_Firre_mESC_Timecourse/Genewiz_Fastq/Rinn-Pool-244-1_R2_001.fastq.gz,Rinn-Pool-244-1_R1_001.fastq.gz,Rinn-Pool-244-1_R2_001.fastq.gz,a7752b6a58bbf011faf631f8f01609e8,11f4bd1120381fcbc94ec90a48cc5438
JR2115,ESC,WT,firre_induced,30,2,1,short,2018-09,JR2115_ESC_WT_firre_induced_30_rep2,/rinnlab/rinngrp/Taeyoung/RinnLab_RNAseq/RawData/Christian_Firre_mESC_Timecourse/Genewiz_Fastq/Rinn-Pool-244-2_R1_001.fastq.gz,/rinnlab/rinngrp/Taeyoung/RinnLab_RNAseq/RawData/Christian_Firre_mESC_Timecourse/Genewiz_Fastq/Rinn-Pool-244-2_R2_001.fastq.gz,Rinn-Pool-244-2_R1_001.fastq.gz,Rinn-Pool-244-2_R2_001.fastq.gz,2172d49c65ab4334f7cdc613f271dff7,5d9c0ed8df6abc479082a0afa2bfbcb5
JR2116,ESC,WT,firre_induced,60,2,1,short,2018-09,JR2116_ESC_WT_firre_induced_60_rep2,/rinnlab/rinngrp/Taeyoung/RinnLab_RNAseq/RawData/Christian_Firre_mESC_Timecourse/Genewiz_Fastq/Rinn-Pool-244-3_R1_001.fastq.gz,/rinnlab/rinngrp/Taeyoung/RinnLab_RNAseq/RawData/Christian_Firre_mESC_Timecourse/Genewiz_Fastq/Rinn-Pool-244-3_R2_001.fastq.gz,Rinn-Pool-244-3_R1_001.fastq.gz,Rinn-Pool-244-3_R2_001.fastq.gz,a2db0e785d0017563d400855d03fba63,66f23a56f6f5464a6f1fc990f41401d1
JR2117,ESC,WT,firre_induced,90,2,1,short,2018-09,JR2117_ESC_WT_firre_induced_90_rep2,/rinnlab/rinngrp/Taeyoung/RinnLab_RNAseq/RawData/Christian_Firre_mESC_Timecourse/Genewiz_Fastq/Rinn-Pool-244-4_R1_001.fastq.gz,/rinnlab/rinngrp/Taeyoung/RinnLab_RNAseq/RawData/Christian_Firre_mESC_Timecourse/Genewiz_Fastq/Rinn-Pool-244-4_R2_001.fastq.gz,Rinn-Pool-244-4_R1_001.fastq.gz,Rinn-Pool-244-4_R2_001.fastq.gz,d0b80011c7f12f6b11f90d97b9255eda,8da7221cc4a700b8d9021d0dcea4bee9
JR2118,ESC,WT,firre_induced,120,2,1,short,2018-09,JR2118_ESC_WT_firre_induced_120_rep2,/rinnlab/rinngrp/Taeyoung/RinnLab_RNAseq/RawData/Christian_Firre_mESC_Timecourse/Genewiz_Fastq/Rinn-Pool-244-5_R1_001.fastq.gz,/rinnlab/rinngrp/Taeyoung/RinnLab_RNAseq/RawData/Christian_Firre_mESC_Timecourse/Genewiz_Fastq/Rinn-Pool-244-5_R2_001.fastq.gz,Rinn-Pool-244-5_R1_001.fastq.gz,Rinn-Pool-244-5_R2_001.fastq.gz,d838c768ec9173dbce7e87e9e737d93f,3674834cca1a44159c187d2bb14e22cb
JR2119,ESC,WT,firre_induced,150,2,1,short,2018-09,JR2119_ESC_WT_firre_induced_150_rep2,/rinnlab/rinngrp/Taeyoung/RinnLab_RNAseq/RawData/Christian_Firre_mESC_Timecourse/Genewiz_Fastq/Rinn-Pool-244-6_R1_001.fastq.gz,/rinnlab/rinngrp/Taeyoung/RinnLab_RNAseq/RawData/Christian_Firre_mESC_Timecourse/Genewiz_Fastq/Rinn-Pool-244-6_R2_001.fastq.gz,Rinn-Pool-244-6_R1_001.fastq.gz,Rinn-Pool-244-6_R2_001.fastq.gz,23ae1760f869b6e90a15df9ace72c435,cb1fa369329e21930e8541f5ab105f83
JR2120,ESC,WT,firre_induced,180,2,1,short,2018-09,JR2120_ESC_WT_firre_induced_180_rep2,/rinnlab/rinngrp/Taeyoung/RinnLab_RNAseq/RawData/Christian_Firre_mESC_Timecourse/Genewiz_Fastq/Rinn-Pool-244-7_R1_001.fastq.gz,/rinnlab/rinngrp/Taeyoung/RinnLab_RNAseq/RawData/Christian_Firre_mESC_Timecourse/Genewiz_Fastq/Rinn-Pool-244-7_R2_001.fastq.gz,Rinn-Pool-244-7_R1_001.fastq.gz,Rinn-Pool-244-7_R2_001.fastq.gz,79a2fcae64fd415505f41a16c1c97776,51025b54f60c890b9f02547fcc690aaa
JR2121,ESC,WT,firre_induced,210,2,1,short,2018-09,JR2121_ESC_WT_firre_induced_210_rep2,/rinnlab/rinngrp/Taeyoung/RinnLab_RNAseq/RawData/Christian_Firre_mESC_Timecourse/Genewiz_Fastq/Rinn-Pool-244-8_R1_001.fastq.gz,/rinnlab/rinngrp/Taeyoung/RinnLab_RNAseq/RawData/Christian_Firre_mESC_Timecourse/Genewiz_Fastq/Rinn-Pool-244-8_R2_001.fastq.gz,Rinn-Pool-244-8_R1_001.fastq.gz,Rinn-Pool-244-8_R2_001.fastq.gz,f87e2c3cd261048dafd191a6aaca81e7,c81cbfba0b262fed0a341560c891f0f3
JR2122,ESC,WT,firre_induced,240,2,1,short,2018-09,JR2122_ESC_WT_firre_induced_240_rep2,/rinnlab/rinngrp/Taeyoung/RinnLab_RNAseq/RawData/Christian_Firre_mESC_Timecourse/Genewiz_Fastq/Rinn-Pool-244-9_R1_001.fastq.gz,/rinnlab/rinngrp/Taeyoung/RinnLab_RNAseq/RawData/Christian_Firre_mESC_Timecourse/Genewiz_Fastq/Rinn-Pool-244-9_R2_001.fastq.gz,Rinn-Pool-244-9_R1_001.fastq.gz,Rinn-Pool-244-9_R2_001.fastq.gz,a519741b339bc2d4f42d4ef0e63a0feb,bb929380a8ea6485f311219b618b1c03
JR2123,ESC,WT,firre_induced,270,2,1,short,2018-09,JR2123_ESC_WT_firre_induced_270_rep2,/rinnlab/rinngrp/Taeyoung/RinnLab_RNAseq/RawData/Christian_Firre_mESC_Timecourse/Genewiz_Fastq/Rinn-Pool-244-10_R1_001.fastq.gz,/rinnlab/rinngrp/Taeyoung/RinnLab_RNAseq/RawData/Christian_Firre_mESC_Timecourse/Genewiz_Fastq/Rinn-Pool-244-10_R2_001.fastq.gz,Rinn-Pool-244-10_R1_001.fastq.gz,Rinn-Pool-244-10_R2_001.fastq.gz,2ad4d1080f8fd5b394dd9a1a8f794c54,c9056a2371cafedd13811f934d9afa5e
JR2124,ESC,WT,firre_induced,300,2,1,short,2018-09,JR2124_ESC_WT_firre_induced_300_rep2,/rinnlab/rinngrp/Taeyoung/RinnLab_RNAseq/RawData/Christian_Firre_mESC_Timecourse/Genewiz_Fastq/Rinn-Pool-244-11_R1_001.fastq.gz,/rinnlab/rinngrp/Taeyoung/RinnLab_RNAseq/RawData/Christian_Firre_mESC_Timecourse/Genewiz_Fastq/Rinn-Pool-244-11_R2_001.fastq.gz,Rinn-Pool-244-11_R1_001.fastq.gz,Rinn-Pool-244-11_R2_001.fastq.gz,3bf5cf6ebbb264109330c5b942a8c0de,188d0ea2a1a3ee9943ec25cd28cad146
JR2125,ESC,WT,firre_induced,330,2,1,short,2018-09,JR2125_ESC_WT_firre_induced_330_rep2,/rinnlab/rinngrp/Taeyoung/RinnLab_RNAseq/RawData/Christian_Firre_mESC_Timecourse/Genewiz_Fastq/Rinn-Pool-244-12_R1_001.fastq.gz,/rinnlab/rinngrp/Taeyoung/RinnLab_RNAseq/RawData/Christian_Firre_mESC_Timecourse/Genewiz_Fastq/Rinn-Pool-244-12_R2_001.fastq.gz,Rinn-Pool-244-12_R1_001.fastq.gz,Rinn-Pool-244-12_R2_001.fastq.gz,5bc777e65b4e0795c5916ee9c0b29536,e9235a40cb90fa006b82b451cb191d3f
JR2406,ESC,KO,control,270,1,1,short,2019-03,JR2406_ESC_KO_control_270_rep1,/rinnlab/rinngrp/mism6893/missing_raw_fastqs/JR2406_read1.fastq.gz,/rinnlab/rinngrp/mism6893/missing_raw_fastqs/JR2406_read2.fastq.gz,JR2406_read1.fastq.gz,JR2406_read2.fastq.gz,49dcfeffc26865bf839a991232d5049c,9b2eef12cb6a98844a4ce671e24da43e
JR2407,ESC,KO,control,240,1,1,short,2019-03,JR2407_ESC_KO_control_240_rep1,/rinnlab/rinngrp/mism6893/missing_raw_fastqs/JR2407_read1.fastq.gz,/rinnlab/rinngrp/mism6893/missing_raw_fastqs/JR2407_read2.fastq.gz,JR2407_read1.fastq.gz,JR2407_read2.fastq.gz,52fdb14dce96b853a29efb4355f4c6a8,5660425a51c9d058b535761780780468
JR2408,ESC,KO,control,90,1,1,short,2019-03,JR2408_ESC_KO_control_90_rep1,/rinnlab/rinngrp/mism6893/missing_raw_fastqs/JR2408_read1.fastq.gz,/rinnlab/rinngrp/mism6893/missing_raw_fastqs/JR2408_read2.fastq.gz,JR2408_read1.fastq.gz,JR2408_read2.fastq.gz,e9d638d5a42a26dc4ba9a7219a4396be,ae6ac590e6e2848cb8bf9e32bb1b36cb
JR2409,ESC,KO,control,180,1,1,short,2019-03,JR2409_ESC_KO_control_180_rep1,/rinnlab/rinngrp/mism6893/missing_raw_fastqs/JR2409_read1.fastq.gz,/rinnlab/rinngrp/mism6893/missing_raw_fastqs/JR2409_read2.fastq.gz,JR2409_read1.fastq.gz,JR2409_read2.fastq.gz,6e96368506bbbb209d23851e10dbf4ff,a713a43bb14129a14706da9f045b8168
JR2410,ESC,KO,control,330,1,1,short,2019-03,JR2410_ESC_KO_control_330_rep1,/rinnlab/rinngrp/mism6893/missing_raw_fastqs/JR2410_read1.fastq.gz,/rinnlab/rinngrp/mism6893/missing_raw_fastqs/JR2410_read2.fastq.gz,JR2410_read1.fastq.gz,JR2410_read2.fastq.gz,bfd175dc449fd5d9576ef04258adb1b2,02bf296cb450778d7074b1241e32fc51
JR2411,ESC,KO,control,150,1,1,short,2019-03,JR2411_ESC_KO_control_150_rep1,/rinnlab/rinngrp/mism6893/missing_raw_fastqs/JR2411_read1.fastq.gz,/rinnlab/rinngrp/mism6893/missing_raw_fastqs/JR2411_read2.fastq.gz,JR2411_read1.fastq.gz,JR2411_read2.fastq.gz,8c255789c89db6f855fc43182a85c786,cc600f00e61b7a0e68991012168cfbe3
JR2412,ESC,KO,firre_induced,210,1,1,short,2019-03,JR2412_ESC_KO_firre_induced_210_rep1,/rinnlab/rinngrp/mism6893/missing_raw_fastqs/JR2412_read1.fastq.gz,/rinnlab/rinngrp/mism6893/missing_raw_fastqs/JR2412_read2.fastq.gz,JR2412_read1.fastq.gz,JR2412_read2.fastq.gz,c4b52a290ea09d2d6a7b810406fde215,59202c12fe5b42cf1f902d5aec4cde4e
JR2413,ESC,KO,firre_induced,30,1,1,short,2019-03,JR2413_ESC_KO_firre_induced_30_rep1,/rinnlab/rinngrp/mism6893/missing_raw_fastqs/JR2413_read1.fastq.gz,/rinnlab/rinngrp/mism6893/missing_raw_fastqs/JR2413_read2.fastq.gz,JR2413_read1.fastq.gz,JR2413_read2.fastq.gz,b066c16c2bbe5edc87a086d1d5eafe54,5d51417701d8e0818e180c6183b0c85d
JR2414,ESC,KO,firre_induced,330,1,1,short,2019-03,JR2414_ESC_KO_firre_induced_330_rep1,/rinnlab/rinngrp/mism6893/missing_raw_fastqs/JR2414_read1.fastq.gz,/rinnlab/rinngrp/mism6893/missing_raw_fastqs/JR2414_read2.fastq.gz,JR2414_read1.fastq.gz,JR2414_read2.fastq.gz,6e645dc49a5c50bfff84f829ab95e53f,945a4d82ea303b427c9230ad8370155b
JR2415,ESC,KO,firre_induced,0,1,1,short,2019-03,JR2415_ESC_KO_firre_induced_0_rep1,/rinnlab/rinngrp/mism6893/missing_raw_fastqs/JR2415_read1.fastq.gz,/rinnlab/rinngrp/mism6893/missing_raw_fastqs/JR2415_read2.fastq.gz,JR2415_read1.fastq.gz,JR2415_read2.fastq.gz,bad695d9c39194652c4b2164d2d3c4d5,a97516ce84f790ca80d5a54d9a636eaa
JR2416,ESC,KO,firre_induced,120,1,1,short,2019-03,JR2416_ESC_KO_firre_induced_120_rep1,/rinnlab/rinngrp/mism6893/missing_raw_fastqs/JR2416_read1.fastq.gz,/rinnlab/rinngrp/mism6893/missing_raw_fastqs/JR2416_read2.fastq.gz,JR2416_read1.fastq.gz,JR2416_read2.fastq.gz,cea4e6a581afbdc728dbae0ca06afeb5,8e079a8f1b9cd92869d5a2015d164f8c
JR2417,ESC,KO,firre_induced,90,1,1,short,2019-03,JR2417_ESC_KO_firre_induced_90_rep1,/rinnlab/rinngrp/mism6893/missing_raw_fastqs/JR2417_read1.fastq.gz,/rinnlab/rinngrp/mism6893/missing_raw_fastqs/JR2417_read2.fastq.gz,JR2417_read1.fastq.gz,JR2417_read2.fastq.gz,ce1fc9dfb289c29287972ce7a0efe81d,561efacc3c30c5b0d4167314dc7dcbf4
JR2418,ESC,KO,control,210,1,1,short,2019-03,JR2418_ESC_KO_control_210_rep1,/rinnlab/rinngrp/mism6893/missing_raw_fastqs/JR2418_read1.fastq.gz,/rinnlab/rinngrp/mism6893/missing_raw_fastqs/JR2418_read2.fastq.gz,JR2418_read1.fastq.gz,JR2418_read2.fastq.gz,9a8dc095a27e696db1cede2c3a9ab253,e9384eebb2fc6d0da0476debc869aff7
JR2419,ESC,KO,control,60,1,1,short,2019-03,JR2419_ESC_KO_control_60_rep1,/rinnlab/rinngrp/mism6893/missing_raw_fastqs/JR2419_read1.fastq.gz,/rinnlab/rinngrp/mism6893/missing_raw_fastqs/JR2419_read2.fastq.gz,JR2419_read1.fastq.gz,JR2419_read2.fastq.gz,232445d63d3a34c6b2f320c1318d1ab9,5809dee3ef71de541e25895776339a4c
JR2420,ESC,KO,control,0,1,1,short,2019-03,JR2420_ESC_KO_control_0_rep1,/rinnlab/rinngrp/mism6893/missing_raw_fastqs/JR2420_read1.fastq.gz,/rinnlab/rinngrp/mism6893/missing_raw_fastqs/JR2420_read2.fastq.gz,JR2420_read1.fastq.gz,JR2420_read2.fastq.gz,4530a20f4f3da58cf1d37af599c7d8fe,c87d473cd89d317f35409e9e4c1730a5
JR2421,ESC,KO,control,300,1,1,short,2019-03,JR2421_ESC_KO_control_300_rep1,/rinnlab/rinngrp/mism6893/missing_raw_fastqs/JR2421_read1.fastq.gz,/rinnlab/rinngrp/mism6893/missing_raw_fastqs/JR2421_read2.fastq.gz,JR2421_read1.fastq.gz,JR2421_read2.fastq.gz,c7c7e5052bfd8a762194090436292276,0febd4ab0d74fba79427b950ddad4d21
JR2422,ESC,KO,control,120,1,1,short,2019-03,JR2422_ESC_KO_control_120_rep1,/rinnlab/rinngrp/mism6893/missing_raw_fastqs/JR2422_read1.fastq.gz,/rinnlab/rinngrp/mism6893/missing_raw_fastqs/JR2422_read2.fastq.gz,JR2422_read1.fastq.gz,JR2422_read2.fastq.gz,bc3b313a7d6d11c6d97dd11f6df74007,ca86fc9996ed9596d756f160d47dd90b
JR2423,ESC,KO,control,30,1,1,short,2019-03,JR2423_ESC_KO_control_30_rep1,/rinnlab/rinngrp/mism6893/missing_raw_fastqs/JR2423_read1.fastq.gz,/rinnlab/rinngrp/mism6893/missing_raw_fastqs/JR2423_read2.fastq.gz,JR2423_read1.fastq.gz,JR2423_read2.fastq.gz,2d524913c7bbf17b090b40ea06b0f073,ba217b81d10866911f6b2cb7ce5814b0
JR2424,ESC,KO,firre_induced,300,1,1,short,2019-03,JR2424_ESC_KO_firre_induced_300_rep1,/rinnlab/rinngrp/mism6893/missing_raw_fastqs/JR2424_read1.fastq.gz,/rinnlab/rinngrp/mism6893/missing_raw_fastqs/JR2424_read2.fastq.gz,JR2424_read1.fastq.gz,JR2424_read2.fastq.gz,1ae37a6772fa98e5c189ab497650815f,1091a7d8bb33da7cd86b979cf472fce6
JR2425,ESC,KO,firre_induced,150,1,1,short,2019-03,JR2425_ESC_KO_firre_induced_150_rep1,/rinnlab/rinngrp/mism6893/missing_raw_fastqs/JR2425_read1.fastq.gz,/rinnlab/rinngrp/mism6893/missing_raw_fastqs/JR2425_read2.fastq.gz,JR2425_read1.fastq.gz,JR2425_read2.fastq.gz,5543e6c2a29aeefcbc012a7e852c6069,1e190f4635efdaf8ff45e94e1aa8ddba
JR2426,ESC,KO,firre_induced,240,1,1,short,2019-03,JR2426_ESC_KO_firre_induced_240_rep1,/rinnlab/rinngrp/mism6893/missing_raw_fastqs/JR2426_read1.fastq.gz,/rinnlab/rinngrp/mism6893/missing_raw_fastqs/JR2426_read2.fastq.gz,JR2426_read1.fastq.gz,JR2426_read2.fastq.gz,a0030aace17b592d39073f016388346d,fcede5835d845090ece00932dc5f9869
JR2427,ESC,KO,firre_induced,60,1,1,short,2019-03,JR2427_ESC_KO_firre_induced_60_rep1,/rinnlab/rinngrp/mism6893/missing_raw_fastqs/JR2427_read1.fastq.gz,/rinnlab/rinngrp/mism6893/missing_raw_fastqs/JR2427_read2.fastq.gz,JR2427_read1.fastq.gz,JR2427_read2.fastq.gz,92b254f85f512808c47898b47787ac0a,dfbc783ade98dfb864ab3c61e443c04f
JR2428,ESC,KO,firre_induced,270,1,1,short,2019-03,JR2428_ESC_KO_firre_induced_270_rep1,/rinnlab/rinngrp/mism6893/missing_raw_fastqs/JR2428_read1.fastq.gz,/rinnlab/rinngrp/mism6893/missing_raw_fastqs/JR2428_read2.fastq.gz,JR2428_read1.fastq.gz,JR2428_read2.fastq.gz,178be2ae2b40426eb954bf509322b243,588e222b80fc4276ccf56876286e862c
JR2429,ESC,KO,firre_induced,180,1,1,short,2019-03,JR2429_ESC_KO_firre_induced_180_rep1,/rinnlab/rinngrp/mism6893/missing_raw_fastqs/JR2429_read1.fastq.gz,/rinnlab/rinngrp/mism6893/missing_raw_fastqs/JR2429_read2.fastq.gz,JR2429_read1.fastq.gz,JR2429_read2.fastq.gz,176852680f161e7f2c95072523f7f49b,401bb9ca100bbd959209851d0c0571e8
JR2430,ESC,KO,control,240,2,1,short,2019-03,JR2430_ESC_KO_control_240_rep2,/rinnlab/rinngrp/mism6893/missing_raw_fastqs/JR2430_read1.fastq.gz,/rinnlab/rinngrp/mism6893/missing_raw_fastqs/JR2430_read2.fastq.gz,JR2430_read1.fastq.gz,JR2430_read2.fastq.gz,59a40ee903aa878fb30231517f8478b9,526842cd5f67a63d4751c7ff84a7ea8d
JR2431,ESC,KO,control,270,2,1,short,2019-03,JR2431_ESC_KO_control_270_rep2,/rinnlab/rinngrp/mism6893/missing_raw_fastqs/JR2431_read1.fastq.gz,/rinnlab/rinngrp/mism6893/missing_raw_fastqs/JR2431_read2.fastq.gz,JR2431_read1.fastq.gz,JR2431_read2.fastq.gz,02911d3d3905f72b6fbe975797474ab0,b0b6a3e4b2b3bcc228800281a2038dcd
JR2432,ESC,KO,control,180,2,1,short,2019-03,JR2432_ESC_KO_control_180_rep2,/rinnlab/rinngrp/mism6893/missing_raw_fastqs/JR2432_read1.fastq.gz,/rinnlab/rinngrp/mism6893/missing_raw_fastqs/JR2432_read2.fastq.gz,JR2432_read1.fastq.gz,JR2432_read2.fastq.gz,c30f4ceec96544266bc1ac579824d2c2,62c0978d09d7dab68ad0240a0dfe8e75
JR2433,ESC,KO,control,300,2,1,short,2019-03,JR2433_ESC_KO_control_300_rep2,/rinnlab/rinngrp/mism6893/missing_raw_fastqs/JR2433_read1.fastq.gz,/rinnlab/rinngrp/mism6893/missing_raw_fastqs/JR2433_read2.fastq.gz,JR2433_read1.fastq.gz,JR2433_read2.fastq.gz,5351379467ec65c97c21816d641ad3a7,3dd3fd929067994f7c8ebb395575fc51
JR2434,ESC,KO,control,330,2,1,short,2019-03,JR2434_ESC_KO_control_330_rep2,/rinnlab/rinngrp/mism6893/missing_raw_fastqs/JR2434_read1.fastq.gz,/rinnlab/rinngrp/mism6893/missing_raw_fastqs/JR2434_read2.fastq.gz,JR2434_read1.fastq.gz,JR2434_read2.fastq.gz,7ea8b9232814cf30f80190d5335371f3,126363db30004f176b14c7fc443f7eb7
JR2435,ESC,KO,control,30,2,1,short,2019-03,JR2435_ESC_KO_control_30_rep2,/rinnlab/rinngrp/mism6893/missing_raw_fastqs/JR2435_read1.fastq.gz,/rinnlab/rinngrp/mism6893/missing_raw_fastqs/JR2435_read2.fastq.gz,JR2435_read1.fastq.gz,JR2435_read2.fastq.gz,cd79d3b55cbe001ca34f2c8655bfa216,e89966df28fbe6769765f86c51f43d38
JR2436,ESC,KO,firre_induced,240,2,1,short,2019-03,JR2436_ESC_KO_firre_induced_240_rep2,/rinnlab/rinngrp/mism6893/missing_raw_fastqs/JR2436_read1.fastq.gz,/rinnlab/rinngrp/mism6893/missing_raw_fastqs/JR2436_read2.fastq.gz,JR2436_read1.fastq.gz,JR2436_read2.fastq.gz,ffe8177660a026b489b3b43485e75373,78d784c9d6c29c192a55d4cb6ad3cebe
JR2437,ESC,KO,firre_induced,0,2,1,short,2019-03,JR2437_ESC_KO_firre_induced_0_rep2,/rinnlab/rinngrp/mism6893/missing_raw_fastqs/JR2437_read1.fastq.gz,/rinnlab/rinngrp/mism6893/missing_raw_fastqs/JR2437_read2.fastq.gz,JR2437_read1.fastq.gz,JR2437_read2.fastq.gz,759a1cbd4160943ec9d25ad46d61b581,c3c1daf18f08836b41bb444f23e82ce1
JR2438,ESC,KO,firre_induced,60,2,1,short,2019-03,JR2438_ESC_KO_firre_induced_60_rep2,/rinnlab/rinngrp/mism6893/missing_raw_fastqs/JR2438_read1.fastq.gz,/rinnlab/rinngrp/mism6893/missing_raw_fastqs/JR2438_read2.fastq.gz,JR2438_read1.fastq.gz,JR2438_read2.fastq.gz,ae861097198a02e291ec6a809961d70a,85d504c71d3d6d36d0e48dc20bc147d8
JR2439,ESC,KO,firre_induced,120,2,1,short,2019-03,JR2439_ESC_KO_firre_induced_120_rep2,/rinnlab/rinngrp/mism6893/missing_raw_fastqs/JR2439_read1.fastq.gz,/rinnlab/rinngrp/mism6893/missing_raw_fastqs/JR2439_read2.fastq.gz,JR2439_read1.fastq.gz,JR2439_read2.fastq.gz,f003c38594b273a672eabe32f490db48,4467f4317b41e0320d48f9a219041c4d
JR2440,ESC,KO,firre_induced,30,2,1,short,2019-03,JR2440_ESC_KO_firre_induced_30_rep2,/rinnlab/rinngrp/mism6893/missing_raw_fastqs/JR2440_read1.fastq.gz,/rinnlab/rinngrp/mism6893/missing_raw_fastqs/JR2440_read2.fastq.gz,JR2440_read1.fastq.gz,JR2440_read2.fastq.gz,af147c37be559ae3a8b00a7e821d8fb6,4e3b7df544d02288e0ef0ec2fa1e4a48
JR2441,ESC,KO,firre_induced,180,2,1,short,2019-03,JR2441_ESC_KO_firre_induced_180_rep2,/rinnlab/rinngrp/mism6893/missing_raw_fastqs/JR2441_read1.fastq.gz,/rinnlab/rinngrp/mism6893/missing_raw_fastqs/JR2441_read2.fastq.gz,JR2441_read1.fastq.gz,JR2441_read2.fastq.gz,dab027ad4666c7430fc115e79e09f995,b3dea888fe340a21a44e525699ff54f3
JR2442,ESC,KO,control,210,2,1,short,2019-03,JR2442_ESC_KO_control_210_rep2,/rinnlab/rinngrp/mism6893/missing_raw_fastqs/JR2442_read1.fastq.gz,/rinnlab/rinngrp/mism6893/missing_raw_fastqs/JR2442_read2.fastq.gz,JR2442_read1.fastq.gz,JR2442_read2.fastq.gz,6f5f57819c2c42b57e3eb1ef48a526ee,0dcb59c0c2075461d40137cb088b6f21
JR2443,ESC,KO,control,0,2,1,short,2019-03,JR2443_ESC_KO_control_0_rep2,/rinnlab/rinngrp/mism6893/missing_raw_fastqs/JR2443_read1.fastq.gz,/rinnlab/rinngrp/mism6893/missing_raw_fastqs/JR2443_read2.fastq.gz,JR2443_read1.fastq.gz,JR2443_read2.fastq.gz,16cd74753d02c38021776e4861823521,c2e7228661bb278ccf818cfef6bc6098
JR2444,ESC,KO,control,150,2,1,short,2019-03,JR2444_ESC_KO_control_150_rep2,/rinnlab/rinngrp/mism6893/missing_raw_fastqs/JR2444_read1.fastq.gz,/rinnlab/rinngrp/mism6893/missing_raw_fastqs/JR2444_read2.fastq.gz,JR2444_read1.fastq.gz,JR2444_read2.fastq.gz,8669890cae8c1095db8161956dede57a,b2ac2cd6c333c659216c921ecf3376fb
JR2445,ESC,KO,control,120,2,1,short,2019-03,JR2445_ESC_KO_control_120_rep2,/rinnlab/rinngrp/mism6893/missing_raw_fastqs/JR2445_read1.fastq.gz,/rinnlab/rinngrp/mism6893/missing_raw_fastqs/JR2445_read2.fastq.gz,JR2445_read1.fastq.gz,JR2445_read2.fastq.gz,368abea3402abbd61f4461a852d369a6,3a35267c64e4227df4a986fe1e215781
JR2446,ESC,KO,control,90,2,1,short,2019-03,JR2446_ESC_KO_control_90_rep2,/rinnlab/rinngrp/mism6893/missing_raw_fastqs/JR2446_read1.fastq.gz,/rinnlab/rinngrp/mism6893/missing_raw_fastqs/JR2446_read2.fastq.gz,JR2446_read1.fastq.gz,JR2446_read2.fastq.gz,cdce736ccbbc45ef8fffa340ee334fcb,efcfa6e3e54736a5fdfd0ffee274c70e
JR2447,ESC,KO,control,60,2,1,short,2019-03,JR2447_ESC_KO_control_60_rep2,/rinnlab/rinngrp/mism6893/missing_raw_fastqs/JR2447_read1.fastq.gz,/rinnlab/rinngrp/mism6893/missing_raw_fastqs/JR2447_read2.fastq.gz,JR2447_read1.fastq.gz,JR2447_read2.fastq.gz,b8bc7d8b03a1a21ec039487781cfd9fe,221e51a5b88d9e3af3a11f73829acf7e
JR2448,ESC,KO,firre_induced,300,2,1,short,2019-03,JR2448_ESC_KO_firre_induced_300_rep2,/rinnlab/rinngrp/mism6893/missing_raw_fastqs/JR2448_read1.fastq.gz,/rinnlab/rinngrp/mism6893/missing_raw_fastqs/JR2448_read2.fastq.gz,JR2448_read1.fastq.gz,JR2448_read2.fastq.gz,354fed44fc7ab5bb5ca2d64470c0d3d2,ca9ba43662dc80817bbc2c50591dd561
JR2449,ESC,KO,firre_induced,210,2,1,short,2019-03,JR2449_ESC_KO_firre_induced_210_rep2,/rinnlab/rinngrp/mism6893/missing_raw_fastqs/JR2449_read1.fastq.gz,/rinnlab/rinngrp/mism6893/missing_raw_fastqs/JR2449_read2.fastq.gz,JR2449_read1.fastq.gz,JR2449_read2.fastq.gz,40a2134e5f1af21966bd11f7e787a1dc,4bdf68e9568cdf97fd778dd977b76d93
JR2450,ESC,KO,firre_induced,150,2,1,short,2019-03,JR2450_ESC_KO_firre_induced_150_rep2,/rinnlab/rinngrp/mism6893/missing_raw_fastqs/JR2450_read1.fastq.gz,/rinnlab/rinngrp/mism6893/missing_raw_fastqs/JR2450_read2.fastq.gz,JR2450_read1.fastq.gz,JR2450_read2.fastq.gz,5b7cc344129630cf7087434f246fdf04,c9a999694d42b38d5349025601f053ed
JR2451,ESC,KO,firre_induced,270,2,1,short,2019-03,JR2451_ESC_KO_firre_induced_270_rep2,/rinnlab/rinngrp/mism6893/missing_raw_fastqs/JR2451_read1.fastq.gz,/rinnlab/rinngrp/mism6893/missing_raw_fastqs/JR2451_read2.fastq.gz,JR2451_read1.fastq.gz,JR2451_read2.fastq.gz,fead2ba6047731b948ab3be4fe7f7f45,d24a488f4abdd8a1ea0819d78ac962e8
JR2452,ESC,KO,firre_induced,330,2,1,short,2019-03,JR2452_ESC_KO_firre_induced_330_rep2,/rinnlab/rinngrp/mism6893/missing_raw_fastqs/JR2452_read1.fastq.gz,/rinnlab/rinngrp/mism6893/missing_raw_fastqs/JR2452_read2.fastq.gz,JR2452_read1.fastq.gz,JR2452_read2.fastq.gz,5b0099f0750415bafd849e97b9c0827a,06c83476d9c332745365ce71ea14cbd7
JR2453,ESC,KO,firre_induced,90,2,1,short,2019-03,JR2453_ESC_KO_firre_induced_90_rep2,/rinnlab/rinngrp/mism6893/missing_raw_fastqs/JR2453_read1.fastq.gz,/rinnlab/rinngrp/mism6893/missing_raw_fastqs/JR2453_read2.fastq.gz,JR2453_read1.fastq.gz,JR2453_read2.fastq.gz,f150a786600f0c18561994cd6d609ed1,8c616f979ff06229e19f03fd3ba300f4
JR2492,pMEF,WT,control,0,1,1,short,2019-05,JR2492_pMEF_WT_control_0_rep1,/rinnlab/rinngrp/Taeyoung/RinnLab_RNAseq/RawData/Christian_Firre_MEF_Timecourse/JR2492-Rinn-pool-277_R1_001.fastq.gz,/rinnlab/rinngrp/Taeyoung/RinnLab_RNAseq/RawData/Christian_Firre_MEF_Timecourse/JR2492-Rinn-pool-277_R2_001.fastq.gz,JR2492-Rinn-pool-277_R1_001.fastq.gz,JR2492-Rinn-pool-277_R2_001.fastq.gz,cde7291b45dd9ae13fd5471bd8a1e071,671af94935f3e482d86ae36f0cee8865
JR2493,pMEF,WT,control,300,1,1,short,2019-05,JR2493_pMEF_WT_control_300_rep1,/rinnlab/rinngrp/Taeyoung/RinnLab_RNAseq/RawData/Christian_Firre_MEF_Timecourse/JR2493-Rinn-pool-277_R1_001.fastq.gz,/rinnlab/rinngrp/Taeyoung/RinnLab_RNAseq/RawData/Christian_Firre_MEF_Timecourse/JR2493-Rinn-pool-277_R2_001.fastq.gz,JR2493-Rinn-pool-277_R1_001.fastq.gz,JR2493-Rinn-pool-277_R2_001.fastq.gz,28280bcfd232da6d9026768180f957d8,bbdc0c251256d4377f5dad9d84d588d2
JR2494,pMEF,WT,control,330,1,1,short,2019-05,JR2494_pMEF_WT_control_330_rep1,/rinnlab/rinngrp/Taeyoung/RinnLab_RNAseq/RawData/Christian_Firre_MEF_Timecourse/JR2494-Rinn-pool-277_R1_001.fastq.gz,/rinnlab/rinngrp/Taeyoung/RinnLab_RNAseq/RawData/Christian_Firre_MEF_Timecourse/JR2494-Rinn-pool-277_R2_001.fastq.gz,JR2494-Rinn-pool-277_R1_001.fastq.gz,JR2494-Rinn-pool-277_R2_001.fastq.gz,b205041c668104f54cda0d46fe392253,0aadc7927e2debcefa8210baab58999d
JR2495,pMEF,WT,control,90,1,1,short,2019-05,JR2495_pMEF_WT_control_90_rep1,/rinnlab/rinngrp/Taeyoung/RinnLab_RNAseq/RawData/Christian_Firre_MEF_Timecourse/JR2495-Rinn-pool-277_R1_001.fastq.gz,/rinnlab/rinngrp/Taeyoung/RinnLab_RNAseq/RawData/Christian_Firre_MEF_Timecourse/JR2495-Rinn-pool-277_R2_001.fastq.gz,JR2495-Rinn-pool-277_R1_001.fastq.gz,JR2495-Rinn-pool-277_R2_001.fastq.gz,d674f6d0193d99f8e6c5e5146414484c,9246b0be6c177402f9c0043bb1e590ac
JR2496,pMEF,WT,control,210,1,1,short,2019-05,JR2496_pMEF_WT_control_210_rep1,/rinnlab/rinngrp/Taeyoung/RinnLab_RNAseq/RawData/Christian_Firre_MEF_Timecourse/JR2496-Rinn-pool-277_R1_001.fastq.gz,/rinnlab/rinngrp/Taeyoung/RinnLab_RNAseq/RawData/Christian_Firre_MEF_Timecourse/JR2496-Rinn-pool-277_R2_001.fastq.gz,JR2496-Rinn-pool-277_R1_001.fastq.gz,JR2496-Rinn-pool-277_R2_001.fastq.gz,5d9a2b17015ba9c278eadf3885133186,8796a0c9c1491de5c6b352d8cea858a0
JR2497,pMEF,WT,control,60,1,1,short,2019-05,JR2497_pMEF_WT_control_60_rep1,/rinnlab/rinngrp/Taeyoung/RinnLab_RNAseq/RawData/Christian_Firre_MEF_Timecourse/JR2497-Rinn-pool-277_R1_001.fastq.gz,/rinnlab/rinngrp/Taeyoung/RinnLab_RNAseq/RawData/Christian_Firre_MEF_Timecourse/JR2497-Rinn-pool-277_R2_001.fastq.gz,JR2497-Rinn-pool-277_R1_001.fastq.gz,JR2497-Rinn-pool-277_R2_001.fastq.gz,a844ef29a9ffaf5d781789b43948aba7,7061b4ca985b1431c416f48ad7f1d5aa
JR2498,pMEF,WT,control,180,1,1,short,2019-05,JR2498_pMEF_WT_control_180_rep1,/rinnlab/rinngrp/Taeyoung/RinnLab_RNAseq/RawData/Christian_Firre_MEF_Timecourse/JR2498-Rinn-pool-277_R1_001.fastq.gz,/rinnlab/rinngrp/Taeyoung/RinnLab_RNAseq/RawData/Christian_Firre_MEF_Timecourse/JR2498-Rinn-pool-277_R2_001.fastq.gz,JR2498-Rinn-pool-277_R1_001.fastq.gz,JR2498-Rinn-pool-277_R2_001.fastq.gz,1bf095d9bcbb27458f55c065a38726b8,416b479e63ab1cff1370543ebca821ee
JR2499,pMEF,WT,control,120,1,1,short,2019-05,JR2499_pMEF_WT_control_120_rep1,/rinnlab/rinngrp/Taeyoung/RinnLab_RNAseq/RawData/Christian_Firre_MEF_Timecourse/JR2499-Rinn-pool-277_R1_001.fastq.gz,/rinnlab/rinngrp/Taeyoung/RinnLab_RNAseq/RawData/Christian_Firre_MEF_Timecourse/JR2499-Rinn-pool-277_R2_001.fastq.gz,JR2499-Rinn-pool-277_R1_001.fastq.gz,JR2499-Rinn-pool-277_R2_001.fastq.gz,c988bdbeea4a73a48c1eadcb60c4f88a,aa36ebb13555d63777ba910749ade037
JR2500,pMEF,WT,control,150,1,1,short,2019-05,JR2500_pMEF_WT_control_150_rep1,/rinnlab/rinngrp/Taeyoung/RinnLab_RNAseq/RawData/Christian_Firre_MEF_Timecourse/JR2500-Rinn-pool-277_R1_001.fastq.gz,/rinnlab/rinngrp/Taeyoung/RinnLab_RNAseq/RawData/Christian_Firre_MEF_Timecourse/JR2500-Rinn-pool-277_R2_001.fastq.gz,JR2500-Rinn-pool-277_R1_001.fastq.gz,JR2500-Rinn-pool-277_R2_001.fastq.gz,950a3f62536adb9729dc622e9826d1ef,d6d763a95bba72d7e82a689fc6b65f99
JR2501,pMEF,WT,control,240,1,1,short,2019-05,JR2501_pMEF_WT_control_240_rep1,/rinnlab/rinngrp/Taeyoung/RinnLab_RNAseq/RawData/Christian_Firre_MEF_Timecourse/JR2501-Rinn-pool-277_R1_001.fastq.gz,/rinnlab/rinngrp/Taeyoung/RinnLab_RNAseq/RawData/Christian_Firre_MEF_Timecourse/JR2501-Rinn-pool-277_R2_001.fastq.gz,JR2501-Rinn-pool-277_R1_001.fastq.gz,JR2501-Rinn-pool-277_R2_001.fastq.gz,f1e60ab6feea75c4d1da6a888e86bae5,d2ffa7b15d393cf18ac5e473a00a10ea
JR2502,pMEF,WT,control,270,1,1,short,2019-05,JR2502_pMEF_WT_control_270_rep1,/rinnlab/rinngrp/Taeyoung/RinnLab_RNAseq/RawData/Christian_Firre_MEF_Timecourse/JR2502-Rinn-pool-277_R1_001.fastq.gz,/rinnlab/rinngrp/Taeyoung/RinnLab_RNAseq/RawData/Christian_Firre_MEF_Timecourse/JR2502-Rinn-pool-277_R2_001.fastq.gz,JR2502-Rinn-pool-277_R1_001.fastq.gz,JR2502-Rinn-pool-277_R2_001.fastq.gz,a9e4aacf00a147de167b6e4d9619785a,7c45c848fd71127db1527b728cb850a1
JR2503,pMEF,WT,control,30,1,1,short,2019-05,JR2503_pMEF_WT_control_30_rep1,/rinnlab/rinngrp/Taeyoung/RinnLab_RNAseq/RawData/Christian_Firre_MEF_Timecourse/JR2503-Rinn-pool-277_R1_001.fastq.gz,/rinnlab/rinngrp/Taeyoung/RinnLab_RNAseq/RawData/Christian_Firre_MEF_Timecourse/JR2503-Rinn-pool-277_R2_001.fastq.gz,JR2503-Rinn-pool-277_R1_001.fastq.gz,JR2503-Rinn-pool-277_R2_001.fastq.gz,1c434be6fd030cfbee4f5470109fcc72,1f0a039c42cdef8f1978afc34f023d46
JR2504,pMEF,KO,firre_induced,120,1,1,short,2019-05,JR2504_pMEF_KO_firre_induced_120_rep1,/rinnlab/rinngrp/Taeyoung/RinnLab_RNAseq/RawData/Christian_Firre_MEF_Timecourse/JR2504-Rinn-pool-278_R1_001.fastq.gz,/rinnlab/rinngrp/Taeyoung/RinnLab_RNAseq/RawData/Christian_Firre_MEF_Timecourse/JR2504-Rinn-pool-278_R2_001.fastq.gz,JR2504-Rinn-pool-278_R1_001.fastq.gz,JR2504-Rinn-pool-278_R2_001.fastq.gz,289d1528808acc59511cb241b5a18eb6,6773b124b53eecf01f719745fee2bb2f
JR2505,pMEF,KO,firre_induced,330,1,1,short,2019-05,JR2505_pMEF_KO_firre_induced_330_rep1,/rinnlab/rinngrp/Taeyoung/RinnLab_RNAseq/RawData/Christian_Firre_MEF_Timecourse/JR2505-Rinn-pool-278_R1_001.fastq.gz,/rinnlab/rinngrp/Taeyoung/RinnLab_RNAseq/RawData/Christian_Firre_MEF_Timecourse/JR2505-Rinn-pool-278_R2_001.fastq.gz,JR2505-Rinn-pool-278_R1_001.fastq.gz,JR2505-Rinn-pool-278_R2_001.fastq.gz,32166da6e86462038620f72bc39da65f,721ac6c9bb91dd063e29b36a142b9ddb
JR2506,pMEF,KO,firre_induced,180,1,1,short,2019-05,JR2506_pMEF_KO_firre_induced_180_rep1,/rinnlab/rinngrp/Taeyoung/RinnLab_RNAseq/RawData/Christian_Firre_MEF_Timecourse/JR2506-Rinn-pool-278_R1_001.fastq.gz,/rinnlab/rinngrp/Taeyoung/RinnLab_RNAseq/RawData/Christian_Firre_MEF_Timecourse/JR2506-Rinn-pool-278_R2_001.fastq.gz,JR2506-Rinn-pool-278_R1_001.fastq.gz,JR2506-Rinn-pool-278_R2_001.fastq.gz,4188f3bf02c120ace228aba56d3e7a8d,eb659b54f18366769231fee33e02b24a
JR2507,pMEF,KO,firre_induced,270,1,1,short,2019-05,JR2507_pMEF_KO_firre_induced_270_rep1,/rinnlab/rinngrp/Taeyoung/RinnLab_RNAseq/RawData/Christian_Firre_MEF_Timecourse/JR2507-Rinn-pool-278_R1_001.fastq.gz,/rinnlab/rinngrp/Taeyoung/RinnLab_RNAseq/RawData/Christian_Firre_MEF_Timecourse/JR2507-Rinn-pool-278_R2_001.fastq.gz,JR2507-Rinn-pool-278_R1_001.fastq.gz,JR2507-Rinn-pool-278_R2_001.fastq.gz,53dab0b6a03218fa8ff7139fcc99f7b4,0491633f346b45fbbb76893e66cb50b0
JR2508,pMEF,KO,firre_induced,240,1,1,short,2019-05,JR2508_pMEF_KO_firre_induced_240_rep1,/rinnlab/rinngrp/Taeyoung/RinnLab_RNAseq/RawData/Christian_Firre_MEF_Timecourse/JR2508-Rinn-pool-278_R1_001.fastq.gz,/rinnlab/rinngrp/Taeyoung/RinnLab_RNAseq/RawData/Christian_Firre_MEF_Timecourse/JR2508-Rinn-pool-278_R2_001.fastq.gz,JR2508-Rinn-pool-278_R1_001.fastq.gz,JR2508-Rinn-pool-278_R2_001.fastq.gz,d61ca33ba0affd8cf2c2c9d0b24ca078,0adb065906e4754a3c256c0639151bf4
JR2509,pMEF,KO,firre_induced,150,1,1,short,2019-05,JR2509_pMEF_KO_firre_induced_150_rep1,/rinnlab/rinngrp/Taeyoung/RinnLab_RNAseq/RawData/Christian_Firre_MEF_Timecourse/JR2509-Rinn-pool-278_R1_001.fastq.gz,/rinnlab/rinngrp/Taeyoung/RinnLab_RNAseq/RawData/Christian_Firre_MEF_Timecourse/JR2509-Rinn-pool-278_R2_001.fastq.gz,JR2509-Rinn-pool-278_R1_001.fastq.gz,JR2509-Rinn-pool-278_R2_001.fastq.gz,9165f8606ed29058ea2f2f75d27ab279,b2be2ec434cfd1e4a31008d0ea32167a
JR2510,pMEF,KO,firre_induced,210,1,1,short,2019-05,JR2510_pMEF_KO_firre_induced_210_rep1,/rinnlab/rinngrp/Taeyoung/RinnLab_RNAseq/RawData/Christian_Firre_MEF_Timecourse/JR2510-Rinn-pool-278_R1_001.fastq.gz,/rinnlab/rinngrp/Taeyoung/RinnLab_RNAseq/RawData/Christian_Firre_MEF_Timecourse/JR2510-Rinn-pool-278_R2_001.fastq.gz,JR2510-Rinn-pool-278_R1_001.fastq.gz,JR2510-Rinn-pool-278_R2_001.fastq.gz,27c7356422b8dfee8d55e7066f1d2172,58f76c5769032d8be28b6f3aa03a6c65
JR2511,pMEF,KO,firre_induced,300,1,1,short,2019-05,JR2511_pMEF_KO_firre_induced_300_rep1,/rinnlab/rinngrp/Taeyoung/RinnLab_RNAseq/RawData/Christian_Firre_MEF_Timecourse/JR2511-Rinn-pool-278_R1_001.fastq.gz,/rinnlab/rinngrp/Taeyoung/RinnLab_RNAseq/RawData/Christian_Firre_MEF_Timecourse/JR2511-Rinn-pool-278_R2_001.fastq.gz,JR2511-Rinn-pool-278_R1_001.fastq.gz,JR2511-Rinn-pool-278_R2_001.fastq.gz,401fbd84552464532571b29d28f1ce20,d5d5c404c13814ff8d73143a28a200db
JR2512,pMEF,KO,firre_induced,90,1,1,short,2019-05,JR2512_pMEF_KO_firre_induced_90_rep1,/rinnlab/rinngrp/Taeyoung/RinnLab_RNAseq/RawData/Christian_Firre_MEF_Timecourse/JR2512-Rinn-pool-278_R1_001.fastq.gz,/rinnlab/rinngrp/Taeyoung/RinnLab_RNAseq/RawData/Christian_Firre_MEF_Timecourse/JR2512-Rinn-pool-278_R2_001.fastq.gz,JR2512-Rinn-pool-278_R1_001.fastq.gz,JR2512-Rinn-pool-278_R2_001.fastq.gz,402dbd8c6fb4730849e1da2dc2ea31c1,13ddd4b487ad220de5e68d85e661ecab
JR2513,pMEF,KO,firre_induced,60,1,1,short,2019-05,JR2513_pMEF_KO_firre_induced_60_rep1,/rinnlab/rinngrp/Taeyoung/RinnLab_RNAseq/RawData/Christian_Firre_MEF_Timecourse/JR2513-Rinn-pool-278_R1_001.fastq.gz,/rinnlab/rinngrp/Taeyoung/RinnLab_RNAseq/RawData/Christian_Firre_MEF_Timecourse/JR2513-Rinn-pool-278_R2_001.fastq.gz,JR2513-Rinn-pool-278_R1_001.fastq.gz,JR2513-Rinn-pool-278_R2_001.fastq.gz,8db2abd0590b7d9ce04364564ad4b10b,86d9605f21672c3b4ec4683f9bfa39de
JR2514,pMEF,KO,firre_induced,30,1,1,short,2019-05,JR2514_pMEF_KO_firre_induced_30_rep1,/rinnlab/rinngrp/Taeyoung/RinnLab_RNAseq/RawData/Christian_Firre_MEF_Timecourse/JR2514-Rinn-pool-278_R1_001.fastq.gz,/rinnlab/rinngrp/Taeyoung/RinnLab_RNAseq/RawData/Christian_Firre_MEF_Timecourse/JR2514-Rinn-pool-278_R2_001.fastq.gz,JR2514-Rinn-pool-278_R1_001.fastq.gz,JR2514-Rinn-pool-278_R2_001.fastq.gz,c5d7f86632000c49dcfa983f6942bc6e,4091956010c487c373d778f94291913f
JR2515,pMEF,KO,firre_induced,0,1,1,short,2019-05,JR2515_pMEF_KO_firre_induced_0_rep1,/rinnlab/rinngrp/Taeyoung/RinnLab_RNAseq/RawData/Christian_Firre_MEF_Timecourse/JR2515-Rinn-pool-278_R1_001.fastq.gz,/rinnlab/rinngrp/Taeyoung/RinnLab_RNAseq/RawData/Christian_Firre_MEF_Timecourse/JR2515-Rinn-pool-278_R2_001.fastq.gz,JR2515-Rinn-pool-278_R1_001.fastq.gz,JR2515-Rinn-pool-278_R2_001.fastq.gz,2d7996a7fd3710004735b59c116e7810,7218362236eac45786c921c484c20eb0
JR2516,ESC,WT,control,240,1,1,short,2019-06,JR2516_ESC_WT_control_240_rep1,/rinnlab/rinngrp/mism6893/christian_timecourse/30-239079954/1_R1_001.fastq.gz,/rinnlab/rinngrp/mism6893/christian_timecourse/30-239079954/1_R2_001.fastq.gz,1_R1_001.fastq.gz,1_R2_001.fastq.gz,e9e23d7965b7ac608369d47cf3921d5c,b189525045a35014106aa82ee81264e9
JR2517,ESC,WT,control,270,1,1,short,2019-06,JR2517_ESC_WT_control_270_rep1,/rinnlab/rinngrp/mism6893/christian_timecourse/30-239079954/2_R1_001.fastq.gz,/rinnlab/rinngrp/mism6893/christian_timecourse/30-239079954/2_R2_001.fastq.gz,2_R1_001.fastq.gz,2_R2_001.fastq.gz,9122ecc08d8022defefbf2216e43906b,8a68dc432067b4f04502f94cdaa77ad3
JR2518,ESC,WT,control,90,2,1,short,2019-06,JR2518_ESC_WT_control_90_rep2,/rinnlab/rinngrp/mism6893/christian_timecourse/30-239079954/3_R1_001.fastq.gz,/rinnlab/rinngrp/mism6893/christian_timecourse/30-239079954/3_R2_001.fastq.gz,3_R1_001.fastq.gz,3_R2_001.fastq.gz,ea508dbc10bf1a36c59995511031e3e1,a206385319b0ce5efe55f5938f492539
JR2519,ESC,WT,control,60,1,1,short,2019-06,JR2519_ESC_WT_control_60_rep1,/rinnlab/rinngrp/mism6893/christian_timecourse/30-239079954/4_R1_001.fastq.gz,/rinnlab/rinngrp/mism6893/christian_timecourse/30-239079954/4_R2_001.fastq.gz,4_R1_001.fastq.gz,4_R2_001.fastq.gz,479752584a16deaacd6a97deed3d9e9a,60446994fd01a6c099e674acf7460859
JR2520,ESC,WT,control,0,2,1,short,2019-06,JR2520_ESC_WT_control_0_rep2,/rinnlab/rinngrp/mism6893/christian_timecourse/30-239079954/5_R1_001.fastq.gz,/rinnlab/rinngrp/mism6893/christian_timecourse/30-239079954/5_R2_001.fastq.gz,5_R1_001.fastq.gz,5_R2_001.fastq.gz,7ffac96e3ae1d1de244462fb482528a1,eca9a59fd7e2b47f024ad9deed9ff188
JR2521,ESC,WT,control,120,1,1,short,2019-06,JR2521_ESC_WT_control_120_rep1,/rinnlab/rinngrp/mism6893/christian_timecourse/30-239079954/6_R1_001.fastq.gz,/rinnlab/rinngrp/mism6893/christian_timecourse/30-239079954/6_R2_001.fastq.gz,6_R1_001.fastq.gz,6_R2_001.fastq.gz,7d0f0a38f9bb2c600d22995da4638d3d,a0aa2f87436df161b1eabc4a32599cd1
JR2522,ESC,WT,control,180,2,1,short,2019-06,JR2522_ESC_WT_control_180_rep2,/rinnlab/rinngrp/mism6893/christian_timecourse/30-239079954/7_R1_001.fastq.gz,/rinnlab/rinngrp/mism6893/christian_timecourse/30-239079954/7_R2_001.fastq.gz,7_R1_001.fastq.gz,7_R2_001.fastq.gz,b8fcda598b87c51d1105cbd464cc4752,285b5f18419f6e00cfa5a43fc8838ca5
JR2523,ESC,WT,control,270,2,1,short,2019-06,JR2523_ESC_WT_control_270_rep2,/rinnlab/rinngrp/mism6893/christian_timecourse/30-239079954/8_R1_001.fastq.gz,/rinnlab/rinngrp/mism6893/christian_timecourse/30-239079954/8_R2_001.fastq.gz,8_R1_001.fastq.gz,8_R2_001.fastq.gz,c882acea6f9a7561ee244e9a7ac46b4a,7c667ce2e494d600a666279ab54e8120
JR2524,ESC,WT,control,210,1,1,short,2019-06,JR2524_ESC_WT_control_210_rep1,/rinnlab/rinngrp/mism6893/christian_timecourse/30-239079954/9_R1_001.fastq.gz,/rinnlab/rinngrp/mism6893/christian_timecourse/30-239079954/9_R2_001.fastq.gz,9_R1_001.fastq.gz,9_R2_001.fastq.gz,cd3cbaa228b7684380c9f5d7c2703934,d6d33f8096611db2713ba08a9aa38d4f
JR2525,ESC,WT,control,120,2,1,short,2019-06,JR2525_ESC_WT_control_120_rep2,/rinnlab/rinngrp/mism6893/christian_timecourse/30-239079954/10_R1_001.fastq.gz,/rinnlab/rinngrp/mism6893/christian_timecourse/30-239079954/10_R2_001.fastq.gz,10_R1_001.fastq.gz,10_R2_001.fastq.gz,9aecf80080dfa618d640c0cf29f50393,a15f7587b373cf83a0cc7be2d1b1af49
JR2526,ESC,WT,control,90,1,1,short,2019-06,JR2526_ESC_WT_control_90_rep1,/rinnlab/rinngrp/mism6893/christian_timecourse/30-239079954/11_R1_001.fastq.gz,/rinnlab/rinngrp/mism6893/christian_timecourse/30-239079954/11_R2_001.fastq.gz,11_R1_001.fastq.gz,11_R2_001.fastq.gz,ec636e71e6ae51404da9440ec91e0633,bd001e7df4176f4f071157efcb806791
JR2527,ESC,WT,control,300,2,1,short,2019-06,JR2527_ESC_WT_control_300_rep2,/rinnlab/rinngrp/mism6893/christian_timecourse/30-239079954/12_R1_001.fastq.gz,/rinnlab/rinngrp/mism6893/christian_timecourse/30-239079954/12_R2_001.fastq.gz,12_R1_001.fastq.gz,12_R2_001.fastq.gz,574c4e5726c56e3b9354abcda5179c83,47f33700b7c3fa5432f39ccff7248d86
JR2528,ESC,WT,control,150,2,1,short,2019-06,JR2528_ESC_WT_control_150_rep2,/rinnlab/rinngrp/mism6893/christian_timecourse/30-239079954/13_R1_001.fastq.gz,/rinnlab/rinngrp/mism6893/christian_timecourse/30-239079954/13_R2_001.fastq.gz,13_R1_001.fastq.gz,13_R2_001.fastq.gz,73ab4a8c5f6e891e86281cabb5d0aad5,ecf3e061380de79f4d640a9161b7dd81
JR2529,ESC,WT,control,30,1,1,short,2019-06,JR2529_ESC_WT_control_30_rep1,/rinnlab/rinngrp/mism6893/christian_timecourse/30-239079954/14_R1_001.fastq.gz,/rinnlab/rinngrp/mism6893/christian_timecourse/30-239079954/14_R2_001.fastq.gz,14_R1_001.fastq.gz,14_R2_001.fastq.gz,6fe8472739c07ef3abfd264c8e618487,8b65b55bbc5a5fd8d4aaed517872f566
JR2530,ESC,WT,control,180,1,1,short,2019-06,JR2530_ESC_WT_control_180_rep1,/rinnlab/rinngrp/mism6893/christian_timecourse/30-239079954/15_R1_001.fastq.gz,/rinnlab/rinngrp/mism6893/christian_timecourse/30-239079954/15_R2_001.fastq.gz,15_R1_001.fastq.gz,15_R2_001.fastq.gz,0689730ff16712099fc283454640dc7a,be53f087e4314c29ea4aa7cc862be219
JR2531,ESC,WT,control,150,1,1,short,2019-06,JR2531_ESC_WT_control_150_rep1,/rinnlab/rinngrp/mism6893/christian_timecourse/30-239079954/16_R1_001.fastq.gz,/rinnlab/rinngrp/mism6893/christian_timecourse/30-239079954/16_R2_001.fastq.gz,16_R1_001.fastq.gz,16_R2_001.fastq.gz,6e54911706cf6b02a9a10c662c2b5614,f08f035df2e155a19fcda6b740bd404f
JR2532,ESC,WT,control,300,1,1,short,2019-06,JR2532_ESC_WT_control_300_rep1,/rinnlab/rinngrp/mism6893/christian_timecourse/30-239079954/17_R1_001.fastq.gz,/rinnlab/rinngrp/mism6893/christian_timecourse/30-239079954/17_R2_001.fastq.gz,17_R1_001.fastq.gz,17_R2_001.fastq.gz,c8405d20744218a870e60966b7f81de0,0d1029b582ec621d0318c9a58fd4e2b0
JR2533,ESC,WT,control,30,2,1,short,2019-06,JR2533_ESC_WT_control_30_rep2,/rinnlab/rinngrp/mism6893/christian_timecourse/30-239079954/18_R1_001.fastq.gz,/rinnlab/rinngrp/mism6893/christian_timecourse/30-239079954/18_R2_001.fastq.gz,18_R1_001.fastq.gz,18_R2_001.fastq.gz,d92ab2df42170d8beb893f2030569784,86547f895aac647e6ac0370ebdd5133e
JR2534,ESC,WT,control,330,2,1,short,2019-06,JR2534_ESC_WT_control_330_rep2,/rinnlab/rinngrp/mism6893/christian_timecourse/30-239079954/19_R1_001.fastq.gz,/rinnlab/rinngrp/mism6893/christian_timecourse/30-239079954/19_R2_001.fastq.gz,19_R1_001.fastq.gz,19_R2_001.fastq.gz,21d694389b444b1e2dd8e4dc5b5f0b87,46ae1639b77e9056aabd3b5ce97e8f30
JR2535,ESC,WT,control,330,1,1,short,2019-06,JR2535_ESC_WT_control_330_rep1,/rinnlab/rinngrp/mism6893/christian_timecourse/30-239079954/20_R1_001.fastq.gz,/rinnlab/rinngrp/mism6893/christian_timecourse/30-239079954/20_R2_001.fastq.gz,20_R1_001.fastq.gz,20_R2_001.fastq.gz,5dc6410a0758f03094fe39bf3d2669ac,b9e259a0e32a234ca17615fec1f83682
JR2536,ESC,WT,control,0,1,1,short,2019-06,JR2536_ESC_WT_control_0_rep1,/rinnlab/rinngrp/mism6893/christian_timecourse/30-239079954/21_R1_001.fastq.gz,/rinnlab/rinngrp/mism6893/christian_timecourse/30-239079954/21_R2_001.fastq.gz,21_R1_001.fastq.gz,21_R2_001.fastq.gz,956722d9f376edcadc45ef34ee324278,351d641fc47f95f47f213bcf2e441da7
JR2537,ESC,WT,control,60,2,1,short,2019-06,JR2537_ESC_WT_control_60_rep2,/rinnlab/rinngrp/mism6893/christian_timecourse/30-239079954/22_R1_001.fastq.gz,/rinnlab/rinngrp/mism6893/christian_timecourse/30-239079954/22_R2_001.fastq.gz,22_R1_001.fastq.gz,22_R2_001.fastq.gz,83aa17ea6d09edf6dcabe543522a96a8,d570a46ea91e2272c284f4e37d8250cf
JR2538,ESC,WT,control,240,2,1,short,2019-06,JR2538_ESC_WT_control_240_rep2,/rinnlab/rinngrp/mism6893/christian_timecourse/30-239079954/23_R1_001.fastq.gz,/rinnlab/rinngrp/mism6893/christian_timecourse/30-239079954/23_R2_001.fastq.gz,23_R1_001.fastq.gz,23_R2_001.fastq.gz,af759893a4bda60fa96c3e6644988a93,3f93087d12a3cffe8cc913947c48ea5d
JR2539,ESC,WT,control,210,2,1,short,2019-06,JR2539_ESC_WT_control_210_rep2,/rinnlab/rinngrp/mism6893/christian_timecourse/30-239079954/24_R1_001.fastq.gz,/rinnlab/rinngrp/mism6893/christian_timecourse/30-239079954/24_R2_001.fastq.gz,24_R1_001.fastq.gz,24_R2_001.fastq.gz,595eb59a265adfe5db824a3688c12f81,6d5471f650cc93e7bfcd1b3cd4eaf73b
JR2540,ESC,WT,firre_induced,180,1,2,short,2019-06,JR2540_ESC_WT_firre_induced_180_rep1,/rinnlab/rinngrp/mism6893/christian_timecourse/30-239079954/25_R1_001.fastq.gz,/rinnlab/rinngrp/mism6893/christian_timecourse/30-239079954/25_R2_001.fastq.gz,25_R1_001.fastq.gz,25_R2_001.fastq.gz,027a69ef4b109d39ea9630d531286baa,78afbac06965d5b4b4eb66545a380fb5
JR2541,ESC,WT,firre_induced,300,1,2,short,2019-06,JR2541_ESC_WT_firre_induced_300_rep1,/rinnlab/rinngrp/mism6893/christian_timecourse/30-239079954/26_R1_001.fastq.gz,/rinnlab/rinngrp/mism6893/christian_timecourse/30-239079954/26_R2_001.fastq.gz,26_R1_001.fastq.gz,26_R2_001.fastq.gz,b289f9c4abbe85e7302481e3fe7c5cfe,bed4299c0148ca914af7319b9eb03d7a
JR2542,ESC,WT,firre_induced,300,2,2,short,2019-06,JR2542_ESC_WT_firre_induced_300_rep2,/rinnlab/rinngrp/mism6893/christian_timecourse/30-239079954/27_R1_001.fastq.gz,/rinnlab/rinngrp/mism6893/christian_timecourse/30-239079954/27_R2_001.fastq.gz,27_R1_001.fastq.gz,27_R2_001.fastq.gz,5f04a25bd0917ef08b8ddd3e8b6b37c5,fd7a90e0fac28d1f0f5515f2d179853b
JR2543,ESC,WT,firre_induced,120,2,2,short,2019-06,JR2543_ESC_WT_firre_induced_120_rep2,/rinnlab/rinngrp/mism6893/christian_timecourse/30-239079954/28_R1_001.fastq.gz,/rinnlab/rinngrp/mism6893/christian_timecourse/30-239079954/28_R2_001.fastq.gz,28_R1_001.fastq.gz,28_R2_001.fastq.gz,eb626a30d8f50171f5e373ed3abb7500,209174429292ed8e3398275b762fee38
JR2544,ESC,WT,firre_induced,150,1,2,short,2019-06,JR2544_ESC_WT_firre_induced_150_rep1,/rinnlab/rinngrp/mism6893/christian_timecourse/30-239079954/29_R1_001.fastq.gz,/rinnlab/rinngrp/mism6893/christian_timecourse/30-239079954/29_R2_001.fastq.gz,29_R1_001.fastq.gz,29_R2_001.fastq.gz,c5904095741a6b48c52fb161bd93ca1e,cd341cc176dcaddf1536c81032f5a43e
JR2545,ESC,WT,firre_induced,210,1,2,short,2019-06,JR2545_ESC_WT_firre_induced_210_rep1,/rinnlab/rinngrp/mism6893/christian_timecourse/30-239079954/30_R1_001.fastq.gz,/rinnlab/rinngrp/mism6893/christian_timecourse/30-239079954/30_R2_001.fastq.gz,30_R1_001.fastq.gz,30_R2_001.fastq.gz,e2506297d86e0791ca9c26639c3e3916,2ca2f29da9002a354b3c92eba5304ec9
JR2546,ESC,WT,firre_induced,60,1,2,short,2019-06,JR2546_ESC_WT_firre_induced_60_rep1,/rinnlab/rinngrp/mism6893/christian_timecourse/30-239079954/31_R1_001.fastq.gz,/rinnlab/rinngrp/mism6893/christian_timecourse/30-239079954/31_R2_001.fastq.gz,31_R1_001.fastq.gz,31_R2_001.fastq.gz,b3867c54c0f718f76b0cad163241584e,85671696a698c1f20e7ba69eddee82a4
JR2547,ESC,WT,firre_induced,330,1,2,short,2019-06,JR2547_ESC_WT_firre_induced_330_rep1,/rinnlab/rinngrp/mism6893/christian_timecourse/30-239079954/32_R1_001.fastq.gz,/rinnlab/rinngrp/mism6893/christian_timecourse/30-239079954/32_R2_001.fastq.gz,32_R1_001.fastq.gz,32_R2_001.fastq.gz,5909c5c622c0738e2545af1f25b242f6,9f6de7889789d8b552e8d884bb2f76c1
JR2548,ESC,WT,firre_induced,30,2,2,short,2019-06,JR2548_ESC_WT_firre_induced_30_rep2,/rinnlab/rinngrp/mism6893/christian_timecourse/30-239079954/33_R1_001.fastq.gz,/rinnlab/rinngrp/mism6893/christian_timecourse/30-239079954/33_R2_001.fastq.gz,33_R1_001.fastq.gz,33_R2_001.fastq.gz,35a92781826824a44e6fb4c2e85c082e,7d60e36624124127951ff9ea742936a8
JR2549,ESC,WT,firre_induced,150,2,2,short,2019-06,JR2549_ESC_WT_firre_induced_150_rep2,/rinnlab/rinngrp/mism6893/christian_timecourse/30-239079954/34_R1_001.fastq.gz,/rinnlab/rinngrp/mism6893/christian_timecourse/30-239079954/34_R2_001.fastq.gz,34_R1_001.fastq.gz,34_R2_001.fastq.gz,180cb609d0c5b26aecd214317577d9aa,b6a12eb4fe344e8e4eb8ada37f5c3f66
JR2550,ESC,WT,firre_induced,90,2,2,short,2019-06,JR2550_ESC_WT_firre_induced_90_rep2,/rinnlab/rinngrp/mism6893/christian_timecourse/30-239079954/35_R1_001.fastq.gz,/rinnlab/rinngrp/mism6893/christian_timecourse/30-239079954/35_R2_001.fastq.gz,35_R1_001.fastq.gz,35_R2_001.fastq.gz,17add1a28886fb5ad6e33f15d3bbceec,59b4bd570d82853e4418b59b4658c9c3
JR2551,ESC,WT,firre_induced,0,2,2,short,2019-06,JR2551_ESC_WT_firre_induced_0_rep2,/rinnlab/rinngrp/mism6893/christian_timecourse/30-239079954/36_R1_001.fastq.gz,/rinnlab/rinngrp/mism6893/christian_timecourse/30-239079954/36_R2_001.fastq.gz,36_R1_001.fastq.gz,36_R2_001.fastq.gz,49a3eb371ed670a812f17b3cca95bfbd,5f14563618a55085ea6dde9f1cec42af
JR2552,ESC,WT,firre_induced,210,2,2,short,2019-06,JR2552_ESC_WT_firre_induced_210_rep2,/rinnlab/rinngrp/mism6893/christian_timecourse/30-239079954/37_R1_001.fastq.gz,/rinnlab/rinngrp/mism6893/christian_timecourse/30-239079954/37_R2_001.fastq.gz,37_R1_001.fastq.gz,37_R2_001.fastq.gz,6a67726a0a44eb9d2660828499da8bca,d58c455100b957693ff0d2c6b758a079
JR2553,ESC,WT,firre_induced,330,2,2,short,2019-06,JR2553_ESC_WT_firre_induced_330_rep2,/rinnlab/rinngrp/mism6893/christian_timecourse/30-239079954/38_R1_001.fastq.gz,/rinnlab/rinngrp/mism6893/christian_timecourse/30-239079954/38_R2_001.fastq.gz,38_R1_001.fastq.gz,38_R2_001.fastq.gz,9050a2c9de947f7cf12cf7f535dc2fb9,fdf3be2569503c2ac5ee56b7007fdb09
JR2554,ESC,WT,firre_induced,240,2,2,short,2019-06,JR2554_ESC_WT_firre_induced_240_rep2,/rinnlab/rinngrp/mism6893/christian_timecourse/30-239079954/39_R1_001.fastq.gz,/rinnlab/rinngrp/mism6893/christian_timecourse/30-239079954/39_R2_001.fastq.gz,39_R1_001.fastq.gz,39_R2_001.fastq.gz,53825f2d2054c48f3bd4ee859697bcaa,7b2644539795690859cf6cce467d3f08
JR2555,ESC,WT,firre_induced,90,1,2,short,2019-06,JR2555_ESC_WT_firre_induced_90_rep1,/rinnlab/rinngrp/mism6893/christian_timecourse/30-239079954/40_R1_001.fastq.gz,/rinnlab/rinngrp/mism6893/christian_timecourse/30-239079954/40_R2_001.fastq.gz,40_R1_001.fastq.gz,40_R2_001.fastq.gz,d80895acc4a1b7c884e0006e705cce18,ed859c272587ff27f79f92b8e4a2fba4
JR2556,ESC,WT,firre_induced,30,1,2,short,2019-06,JR2556_ESC_WT_firre_induced_30_rep1,/rinnlab/rinngrp/mism6893/christian_timecourse/30-239079954/41_R1_001.fastq.gz,/rinnlab/rinngrp/mism6893/christian_timecourse/30-239079954/41_R2_001.fastq.gz,41_R1_001.fastq.gz,41_R2_001.fastq.gz,501d85ed22100813858fb1ea9118c56d,c94ca2e6176776acf7a7c61a6e15a9f4
JR2557,ESC,WT,firre_induced,60,2,2,short,2019-06,JR2557_ESC_WT_firre_induced_60_rep2,/rinnlab/rinngrp/mism6893/christian_timecourse/30-239079954/42_R1_001.fastq.gz,/rinnlab/rinngrp/mism6893/christian_timecourse/30-239079954/42_R2_001.fastq.gz,42_R1_001.fastq.gz,42_R2_001.fastq.gz,9f35407228cf897bc036ae8dabf84a78,4ac5fcc345f518fd6971a03b33c9788a
JR2558,ESC,WT,firre_induced,240,1,2,short,2019-06,JR2558_ESC_WT_firre_induced_240_rep1,/rinnlab/rinngrp/mism6893/christian_timecourse/30-239079954/43_R1_001.fastq.gz,/rinnlab/rinngrp/mism6893/christian_timecourse/30-239079954/43_R2_001.fastq.gz,43_R1_001.fastq.gz,43_R2_001.fastq.gz,0b9c23c7e776258065d3ab40e1e25b22,cf9c03892882586a8dfa788ab072049a
JR2559,ESC,WT,firre_induced,270,1,2,short,2019-06,JR2559_ESC_WT_firre_induced_270_rep1,/rinnlab/rinngrp/mism6893/christian_timecourse/30-239079954/44_R1_001.fastq.gz,/rinnlab/rinngrp/mism6893/christian_timecourse/30-239079954/44_R2_001.fastq.gz,44_R1_001.fastq.gz,44_R2_001.fastq.gz,0076b45c057669aef9b6854014380660,a110cc436ebcab5b43d2354cf06d0547
JR2560,ESC,WT,firre_induced,180,2,2,short,2019-06,JR2560_ESC_WT_firre_induced_180_rep2,/rinnlab/rinngrp/mism6893/christian_timecourse/30-239079954/45_R1_001.fastq.gz,/rinnlab/rinngrp/mism6893/christian_timecourse/30-239079954/45_R2_001.fastq.gz,45_R1_001.fastq.gz,45_R2_001.fastq.gz,f136c61a448be700ae880016ab779735,7eac048f855fea0beb00888b162463a1
JR2561,ESC,WT,firre_induced,120,1,2,short,2019-06,JR2561_ESC_WT_firre_induced_120_rep1,/rinnlab/rinngrp/mism6893/christian_timecourse/30-239079954/46_R1_001.fastq.gz,/rinnlab/rinngrp/mism6893/christian_timecourse/30-239079954/46_R2_001.fastq.gz,46_R1_001.fastq.gz,46_R2_001.fastq.gz,f0c762fc0c78f92a4ec6ca095d23b69e,944358cf71d9dc2b3c4e2746238e3c75
JR2562,ESC,WT,firre_induced,270,2,2,short,2019-06,JR2562_ESC_WT_firre_induced_270_rep2,/rinnlab/rinngrp/mism6893/christian_timecourse/30-239079954/47_R1_001.fastq.gz,/rinnlab/rinngrp/mism6893/christian_timecourse/30-239079954/47_R2_001.fastq.gz,47_R1_001.fastq.gz,47_R2_001.fastq.gz,75c7bf7abdd57fab2e4a4f6c798bc639,337188e8accacc1c40dd31c59bbd3d90
JR2563,ESC,WT,firre_induced,0,1,2,short,2019-06,JR2563_ESC_WT_firre_induced_0_rep1,/rinnlab/rinngrp/mism6893/christian_timecourse/30-239079954/48_R1_001.fastq.gz,/rinnlab/rinngrp/mism6893/christian_timecourse/30-239079954/48_R2_001.fastq.gz,48_R1_001.fastq.gz,48_R2_001.fastq.gz,fc9e8050c216d48b20ae59b95e9ba664,e97b3921d116ee7b5072e6f47421721f
JR2706,ESC,WT,control,5760,2,1,long,2019-11,JR2706_ESC_WT_control_5760_rep2,/rinnlab/rinngrp/Taeyoung/RinnLab_RNAseq/RawData/Christian_Firre_mESC_Timecourse_Long/JR2706-Rinn-pool-291-1_R1_001.fastq.gz,/rinnlab/rinngrp/Taeyoung/RinnLab_RNAseq/RawData/Christian_Firre_mESC_Timecourse_Long/JR2706-Rinn-pool-291-1_R2_001.fastq.gz,JR2706-Rinn-pool-291-1_R1_001.fastq.gz,JR2706-Rinn-pool-291-1_R2_001.fastq.gz,0696c9609ebcc763a87ed1b5e89af68e,0696c9609ebcc763a87ed1b5e89af68e
JR2707,ESC,WT,control,0,3,1,long,2019-11,JR2707_ESC_WT_control_0_rep3,/rinnlab/rinngrp/Taeyoung/RinnLab_RNAseq/RawData/Christian_Firre_mESC_Timecourse_Long/JR2706-Rinn-pool-291-2_R1_001.fastq.gz,/rinnlab/rinngrp/Taeyoung/RinnLab_RNAseq/RawData/Christian_Firre_mESC_Timecourse_Long/JR2706-Rinn-pool-291-2_R2_001.fastq.gz,JR2706-Rinn-pool-291-2_R1_001.fastq.gz,JR2706-Rinn-pool-291-2_R2_001.fastq.gz,7a3d6498ef0483953d98d6709ecf2738,7a3d6498ef0483953d98d6709ecf2738
JR2708,ESC,WT,control,0,1,1,long,2019-11,JR2708_ESC_WT_control_0_rep1,/rinnlab/rinngrp/Taeyoung/RinnLab_RNAseq/RawData/Christian_Firre_mESC_Timecourse_Long/JR2706-Rinn-pool-291-3_R1_001.fastq.gz,/rinnlab/rinngrp/Taeyoung/RinnLab_RNAseq/RawData/Christian_Firre_mESC_Timecourse_Long/JR2706-Rinn-pool-291-3_R2_001.fastq.gz,JR2706-Rinn-pool-291-3_R1_001.fastq.gz,JR2706-Rinn-pool-291-3_R2_001.fastq.gz,1caa0c0aefbfabdba1183497844f37a5,1caa0c0aefbfabdba1183497844f37a5
JR2709,ESC,WT,firre_induced,5760,3,1,long,2019-11,JR2709_ESC_WT_firre_induced_5760_rep3,/rinnlab/rinngrp/Taeyoung/RinnLab_RNAseq/RawData/Christian_Firre_mESC_Timecourse_Long/JR2706-Rinn-pool-291-4_R1_001.fastq.gz,/rinnlab/rinngrp/Taeyoung/RinnLab_RNAseq/RawData/Christian_Firre_mESC_Timecourse_Long/JR2706-Rinn-pool-291-4_R2_001.fastq.gz,JR2706-Rinn-pool-291-4_R1_001.fastq.gz,JR2706-Rinn-pool-291-4_R2_001.fastq.gz,2ee76aff42485a6e206893d679cd9e1a,2ee76aff42485a6e206893d679cd9e1a
JR2710,ESC,WT,control,0,2,1,long,2019-11,JR2710_ESC_WT_control_0_rep2,/rinnlab/rinngrp/Taeyoung/RinnLab_RNAseq/RawData/Christian_Firre_mESC_Timecourse_Long/JR2706-Rinn-pool-291-5_R1_001.fastq.gz,/rinnlab/rinngrp/Taeyoung/RinnLab_RNAseq/RawData/Christian_Firre_mESC_Timecourse_Long/JR2706-Rinn-pool-291-5_R2_001.fastq.gz,JR2706-Rinn-pool-291-5_R1_001.fastq.gz,JR2706-Rinn-pool-291-5_R2_001.fastq.gz,03374a6bd80bec7171d3abd3dbc227da,03374a6bd80bec7171d3abd3dbc227da
JR2711,ESC,WT,firre_induced,0,1,1,long,2019-11,JR2711_ESC_WT_firre_induced_0_rep1,/rinnlab/rinngrp/Taeyoung/RinnLab_RNAseq/RawData/Christian_Firre_mESC_Timecourse_Long/JR2706-Rinn-pool-291-6_R1_001.fastq.gz,/rinnlab/rinngrp/Taeyoung/RinnLab_RNAseq/RawData/Christian_Firre_mESC_Timecourse_Long/JR2706-Rinn-pool-291-6_R2_001.fastq.gz,JR2706-Rinn-pool-291-6_R1_001.fastq.gz,JR2706-Rinn-pool-291-6_R2_001.fastq.gz,7b6003fc75ca04d8d4c20ad9fc55ab97,7b6003fc75ca04d8d4c20ad9fc55ab97
JR2712,ESC,WT,firre_induced,5760,1,1,long,2019-11,JR2712_ESC_WT_firre_induced_5760_rep1,/rinnlab/rinngrp/Taeyoung/RinnLab_RNAseq/RawData/Christian_Firre_mESC_Timecourse_Long/JR2706-Rinn-pool-291-7_R1_001.fastq.gz,/rinnlab/rinngrp/Taeyoung/RinnLab_RNAseq/RawData/Christian_Firre_mESC_Timecourse_Long/JR2706-Rinn-pool-291-7_R2_001.fastq.gz,JR2706-Rinn-pool-291-7_R1_001.fastq.gz,JR2706-Rinn-pool-291-7_R2_001.fastq.gz,e9632d9c60e4fe170cf69a8f919d2ab7,e9632d9c60e4fe170cf69a8f919d2ab7
JR2713,ESC,WT,firre_induced,5760,2,1,long,2019-11,JR2713_ESC_WT_firre_induced_5760_rep2,/rinnlab/rinngrp/Taeyoung/RinnLab_RNAseq/RawData/Christian_Firre_mESC_Timecourse_Long/JR2706-Rinn-pool-291-8_R1_001.fastq.gz,/rinnlab/rinngrp/Taeyoung/RinnLab_RNAseq/RawData/Christian_Firre_mESC_Timecourse_Long/JR2706-Rinn-pool-291-8_R2_001.fastq.gz,JR2706-Rinn-pool-291-8_R1_001.fastq.gz,JR2706-Rinn-pool-291-8_R2_001.fastq.gz,923aba01a8d6f96a52dad0b5a8eae8aa,923aba01a8d6f96a52dad0b5a8eae8aa
JR2714,ESC,WT,firre_induced,0,3,1,long,2019-11,JR2714_ESC_WT_firre_induced_0_rep3,/rinnlab/rinngrp/Taeyoung/RinnLab_RNAseq/RawData/Christian_Firre_mESC_Timecourse_Long/JR2706-Rinn-pool-291-9_R1_001.fastq.gz,/rinnlab/rinngrp/Taeyoung/RinnLab_RNAseq/RawData/Christian_Firre_mESC_Timecourse_Long/JR2706-Rinn-pool-291-9_R2_001.fastq.gz,JR2706-Rinn-pool-291-9_R1_001.fastq.gz,JR2706-Rinn-pool-291-9_R2_001.fastq.gz,738750a415090e5d03a0888042f86d96,738750a415090e5d03a0888042f86d96
JR2715,ESC,WT,control,5760,1,1,long,2019-11,JR2715_ESC_WT_control_5760_rep1,/rinnlab/rinngrp/Taeyoung/RinnLab_RNAseq/RawData/Christian_Firre_mESC_Timecourse_Long/JR2706-Rinn-pool-291-10_R1_001.fastq.gz,/rinnlab/rinngrp/Taeyoung/RinnLab_RNAseq/RawData/Christian_Firre_mESC_Timecourse_Long/JR2706-Rinn-pool-291-10_R2_001.fastq.gz,JR2706-Rinn-pool-291-10_R1_001.fastq.gz,JR2706-Rinn-pool-291-10_R2_001.fastq.gz,dee8049def48863702b1ade36ae3bf70,dee8049def48863702b1ade36ae3bf70
JR2716,ESC,WT,control,5760,3,1,long,2019-11,JR2716_ESC_WT_control_5760_rep3,/rinnlab/rinngrp/Taeyoung/RinnLab_RNAseq/RawData/Christian_Firre_mESC_Timecourse_Long/JR2706-Rinn-pool-291-11_R1_001.fastq.gz,/rinnlab/rinngrp/Taeyoung/RinnLab_RNAseq/RawData/Christian_Firre_mESC_Timecourse_Long/JR2706-Rinn-pool-291-11_R2_001.fastq.gz,JR2706-Rinn-pool-291-11_R1_001.fastq.gz,JR2706-Rinn-pool-291-11_R2_001.fastq.gz,bbc09fc3641785ffad65901ff88ed266,bbc09fc3641785ffad65901ff88ed266
JR2717,ESC,WT,firre_induced,0,2,1,long,2019-11,JR2717_ESC_WT_firre_induced_0_rep2,/rinnlab/rinngrp/Taeyoung/RinnLab_RNAseq/RawData/Christian_Firre_mESC_Timecourse_Long/JR2706-Rinn-pool-291-12_R1_001.fastq.gz,/rinnlab/rinngrp/Taeyoung/RinnLab_RNAseq/RawData/Christian_Firre_mESC_Timecourse_Long/JR2706-Rinn-pool-291-12_R2_001.fastq.gz,JR2706-Rinn-pool-291-12_R1_001.fastq.gz,JR2706-Rinn-pool-291-12_R2_001.fastq.gz,a1c0b0b771444f9b195057b190ffa0d7,a1c0b0b771444f9b195057b190ffa0d7
JR2718,ESC,KO,firre_induced,5760,2,1,long,2019-11,JR2718_ESC_KO_firre_induced_5760_rep2,/rinnlab/rinngrp/Taeyoung/RinnLab_RNAseq/RawData/Christian_Firre_mESC_Timecourse_Long/JR2718-Rinn-pool-292-1_R1_001.fastq.gz,/rinnlab/rinngrp/Taeyoung/RinnLab_RNAseq/RawData/Christian_Firre_mESC_Timecourse_Long/JR2718-Rinn-pool-292-1_R2_001.fastq.gz,JR2718-Rinn-pool-292-1_R1_001.fastq.gz,JR2718-Rinn-pool-292-1_R2_001.fastq.gz,a262b99a19cccc576353550662dd24ae,a262b99a19cccc576353550662dd24ae
JR2719,ESC,KO,control,5760,3,1,long,2019-11,JR2719_ESC_KO_control_5760_rep3,/rinnlab/rinngrp/Taeyoung/RinnLab_RNAseq/RawData/Christian_Firre_mESC_Timecourse_Long/JR2718-Rinn-pool-292-2_R1_001.fastq.gz,/rinnlab/rinngrp/Taeyoung/RinnLab_RNAseq/RawData/Christian_Firre_mESC_Timecourse_Long/JR2718-Rinn-pool-292-2_R2_001.fastq.gz,JR2718-Rinn-pool-292-2_R1_001.fastq.gz,JR2718-Rinn-pool-292-2_R2_001.fastq.gz,ea8883c0e3366ace44c96460a65fb33a,ea8883c0e3366ace44c96460a65fb33a
JR2720,ESC,KO,control,0,3,1,long,2019-11,JR2720_ESC_KO_control_0_rep3,/rinnlab/rinngrp/Taeyoung/RinnLab_RNAseq/RawData/Christian_Firre_mESC_Timecourse_Long/JR2718-Rinn-pool-292-3_R1_001.fastq.gz,/rinnlab/rinngrp/Taeyoung/RinnLab_RNAseq/RawData/Christian_Firre_mESC_Timecourse_Long/JR2718-Rinn-pool-292-3_R2_001.fastq.gz,JR2718-Rinn-pool-292-3_R1_001.fastq.gz,JR2718-Rinn-pool-292-3_R2_001.fastq.gz,d362f9543e26891bc6f4523d69bbda4e,d362f9543e26891bc6f4523d69bbda4e
JR2721,ESC,KO,control,5760,1,1,long,2019-11,JR2721_ESC_KO_control_5760_rep1,/rinnlab/rinngrp/Taeyoung/RinnLab_RNAseq/RawData/Christian_Firre_mESC_Timecourse_Long/JR2718-Rinn-pool-292-4_R1_001.fastq.gz,/rinnlab/rinngrp/Taeyoung/RinnLab_RNAseq/RawData/Christian_Firre_mESC_Timecourse_Long/JR2718-Rinn-pool-292-4_R2_001.fastq.gz,JR2718-Rinn-pool-292-4_R1_001.fastq.gz,JR2718-Rinn-pool-292-4_R2_001.fastq.gz,fc1b7cff0e085b12b22d234347f38874,fc1b7cff0e085b12b22d234347f38874
JR2722,ESC,KO,control,0,2,1,long,2019-11,JR2722_ESC_KO_control_0_rep2,/rinnlab/rinngrp/Taeyoung/RinnLab_RNAseq/RawData/Christian_Firre_mESC_Timecourse_Long/JR2718-Rinn-pool-292-5_R1_001.fastq.gz,/rinnlab/rinngrp/Taeyoung/RinnLab_RNAseq/RawData/Christian_Firre_mESC_Timecourse_Long/JR2718-Rinn-pool-292-5_R2_001.fastq.gz,JR2718-Rinn-pool-292-5_R1_001.fastq.gz,JR2718-Rinn-pool-292-5_R2_001.fastq.gz,b133f79125aab4fa143c4b9da85861fe,b133f79125aab4fa143c4b9da85861fe
JR2723,ESC,KO,firre_induced,0,3,1,long,2019-11,JR2723_ESC_KO_firre_induced_0_rep3,/rinnlab/rinngrp/Taeyoung/RinnLab_RNAseq/RawData/Christian_Firre_mESC_Timecourse_Long/JR2718-Rinn-pool-292-6_R1_001.fastq.gz,/rinnlab/rinngrp/Taeyoung/RinnLab_RNAseq/RawData/Christian_Firre_mESC_Timecourse_Long/JR2718-Rinn-pool-292-6_R2_001.fastq.gz,JR2718-Rinn-pool-292-6_R1_001.fastq.gz,JR2718-Rinn-pool-292-6_R2_001.fastq.gz,8e5a69f1c65fa3c1e763f0a48ab7717c,8e5a69f1c65fa3c1e763f0a48ab7717c
JR2724,ESC,KO,firre_induced,0,2,1,long,2019-11,JR2724_ESC_KO_firre_induced_0_rep2,/rinnlab/rinngrp/Taeyoung/RinnLab_RNAseq/RawData/Christian_Firre_mESC_Timecourse_Long/JR2718-Rinn-pool-292-7_R1_001.fastq.gz,/rinnlab/rinngrp/Taeyoung/RinnLab_RNAseq/RawData/Christian_Firre_mESC_Timecourse_Long/JR2718-Rinn-pool-292-7_R2_001.fastq.gz,JR2718-Rinn-pool-292-7_R1_001.fastq.gz,JR2718-Rinn-pool-292-7_R2_001.fastq.gz,15bc5fceb9c7f5f79fec74437cba3084,15bc5fceb9c7f5f79fec74437cba3084
JR2725,ESC,KO,firre_induced,5760,1,1,long,2019-11,JR2725_ESC_KO_firre_induced_5760_rep1,/rinnlab/rinngrp/Taeyoung/RinnLab_RNAseq/RawData/Christian_Firre_mESC_Timecourse_Long/JR2718-Rinn-pool-292-8_R1_001.fastq.gz,/rinnlab/rinngrp/Taeyoung/RinnLab_RNAseq/RawData/Christian_Firre_mESC_Timecourse_Long/JR2718-Rinn-pool-292-8_R2_001.fastq.gz,JR2718-Rinn-pool-292-8_R1_001.fastq.gz,JR2718-Rinn-pool-292-8_R2_001.fastq.gz,c294ed9b98e834959a463367b36f9f95,c294ed9b98e834959a463367b36f9f95
JR2726,ESC,KO,firre_induced,0,1,1,long,2019-11,JR2726_ESC_KO_firre_induced_0_rep1,/rinnlab/rinngrp/Taeyoung/RinnLab_RNAseq/RawData/Christian_Firre_mESC_Timecourse_Long/JR2718-Rinn-pool-292-9_R1_001.fastq.gz,/rinnlab/rinngrp/Taeyoung/RinnLab_RNAseq/RawData/Christian_Firre_mESC_Timecourse_Long/JR2718-Rinn-pool-292-9_R2_001.fastq.gz,JR2718-Rinn-pool-292-9_R1_001.fastq.gz,JR2718-Rinn-pool-292-9_R2_001.fastq.gz,b49931482a94530ac20d0f9941a23058,b49931482a94530ac20d0f9941a23058
JR2727,ESC,KO,control,0,1,1,long,2019-11,JR2727_ESC_KO_control_0_rep1,/rinnlab/rinngrp/Taeyoung/RinnLab_RNAseq/RawData/Christian_Firre_mESC_Timecourse_Long/JR2718-Rinn-pool-292-10_R1_001.fastq.gz,/rinnlab/rinngrp/Taeyoung/RinnLab_RNAseq/RawData/Christian_Firre_mESC_Timecourse_Long/JR2718-Rinn-pool-292-10_R2_001.fastq.gz,JR2718-Rinn-pool-292-10_R1_001.fastq.gz,JR2718-Rinn-pool-292-10_R2_001.fastq.gz,a925341fc476fc3b03526b87c759b63b,a925341fc476fc3b03526b87c759b63b
JR2728,ESC,KO,control,5760,2,1,long,2019-11,JR2728_ESC_KO_control_5760_rep2,/rinnlab/rinngrp/Taeyoung/RinnLab_RNAseq/RawData/Christian_Firre_mESC_Timecourse_Long/JR2718-Rinn-pool-292-11_R1_001.fastq.gz,/rinnlab/rinngrp/Taeyoung/RinnLab_RNAseq/RawData/Christian_Firre_mESC_Timecourse_Long/JR2718-Rinn-pool-292-11_R2_001.fastq.gz,JR2718-Rinn-pool-292-11_R1_001.fastq.gz,JR2718-Rinn-pool-292-11_R2_001.fastq.gz,e88c2f0f1bde23e5c9cf410234afe4d5,e88c2f0f1bde23e5c9cf410234afe4d5
JR2729,ESC,KO,firre_induced,5760,3,1,long,2019-11,JR2729_ESC_KO_firre_induced_5760_rep3,/rinnlab/rinngrp/Taeyoung/RinnLab_RNAseq/RawData/Christian_Firre_mESC_Timecourse_Long/JR2718-Rinn-pool-292-12_R1_001.fastq.gz,/rinnlab/rinngrp/Taeyoung/RinnLab_RNAseq/RawData/Christian_Firre_mESC_Timecourse_Long/JR2718-Rinn-pool-292-12_R2_001.fastq.gz,JR2718-Rinn-pool-292-12_R1_001.fastq.gz,JR2718-Rinn-pool-292-12_R2_001.fastq.gz,ca9f9ff667568683a7acfdee5a9c5702,ca9f9ff667568683a7acfdee5a9c5702
JR2730,ESC,WT,control,1440,3,1,long,2019-12,JR2730_ESC_WT_control_1440_rep3,/rinnlab/rinngrp/mism6893/ftc_long_batch2/JR2730-Rinn-pool-293_R1_001.fastq.gz,/rinnlab/rinngrp/mism6893/ftc_long_batch2/JR2730-Rinn-pool-293_R2_001.fastq.gz,JR2730-Rinn-pool-293_R1_001.fastq.gz,JR2730-Rinn-pool-293_R2_001.fastq.gz,dfd272d02ee56a6ef1835d83219913a0,843f5b419b5e8b392e1e012fa0693091
JR2731,ESC,WT,control,2880,1,1,long,2019-12,JR2731_ESC_WT_control_2880_rep1,/rinnlab/rinngrp/mism6893/ftc_long_batch2/JR2731-Rinn-pool-293_R1_001.fastq.gz,/rinnlab/rinngrp/mism6893/ftc_long_batch2/JR2731-Rinn-pool-293_R2_001.fastq.gz,JR2731-Rinn-pool-293_R1_001.fastq.gz,JR2731-Rinn-pool-293_R2_001.fastq.gz,f9b72d44065a7a2b9e0aae52c5f5f2a6,622ac2f2f6e0940fd119f849fc6005c1
JR2732,ESC,WT,control,1440,2,1,long,2019-12,JR2732_ESC_WT_control_1440_rep2,/rinnlab/rinngrp/mism6893/ftc_long_batch2/JR2732-Rinn-pool-293_R1_001.fastq.gz,/rinnlab/rinngrp/mism6893/ftc_long_batch2/JR2732-Rinn-pool-293_R2_001.fastq.gz,JR2732-Rinn-pool-293_R1_001.fastq.gz,JR2732-Rinn-pool-293_R2_001.fastq.gz,b17280a7468e1cb0f3350c59f7bd1bc1,0b380354fbeb5ce0dce21d6b485f7a23
JR2733,ESC,WT,firre_induced,2880,1,1,long,2019-12,JR2733_ESC_WT_firre_induced_2880_rep1,/rinnlab/rinngrp/mism6893/ftc_long_batch2/JR2733-Rinn-pool-293_R1_001.fastq.gz,/rinnlab/rinngrp/mism6893/ftc_long_batch2/JR2733-Rinn-pool-293_R2_001.fastq.gz,JR2733-Rinn-pool-293_R1_001.fastq.gz,JR2733-Rinn-pool-293_R2_001.fastq.gz,0a2f6e828cd6adaa5e635775a83bfcfb,998b0a811ca6917a842abcdd8afc4e9c
JR2734,ESC,WT,firre_induced,2880,3,1,long,2019-12,JR2734_ESC_WT_firre_induced_2880_rep3,/rinnlab/rinngrp/mism6893/ftc_long_batch2/JR2734-Rinn-pool-293_R1_001.fastq.gz,/rinnlab/rinngrp/mism6893/ftc_long_batch2/JR2734-Rinn-pool-293_R2_001.fastq.gz,JR2734-Rinn-pool-293_R1_001.fastq.gz,JR2734-Rinn-pool-293_R2_001.fastq.gz,1225b62d7fa307e8090f99afba5ed534,21af63655339b8a2d4b8c77679678ebe
JR2735,ESC,WT,firre_induced,1440,1,1,long,2019-12,JR2735_ESC_WT_firre_induced_1440_rep1,/rinnlab/rinngrp/mism6893/ftc_long_batch2/JR2735-Rinn-pool-293_R1_001.fastq.gz,/rinnlab/rinngrp/mism6893/ftc_long_batch2/JR2735-Rinn-pool-293_R2_001.fastq.gz,JR2735-Rinn-pool-293_R1_001.fastq.gz,JR2735-Rinn-pool-293_R2_001.fastq.gz,283a56b53742a619e0e8d8985052f08e,833681edb995018ae2d6aee7df818462
JR2736,ESC,WT,firre_induced,1440,2,1,long,2019-12,JR2736_ESC_WT_firre_induced_1440_rep2,/rinnlab/rinngrp/mism6893/ftc_long_batch2/JR2736-Rinn-pool-293_R1_001.fastq.gz,/rinnlab/rinngrp/mism6893/ftc_long_batch2/JR2736-Rinn-pool-293_R2_001.fastq.gz,JR2736-Rinn-pool-293_R1_001.fastq.gz,JR2736-Rinn-pool-293_R2_001.fastq.gz,f50a6f66774dad161fb09369210ffc5a,b7aedb39838ac5e23e81c6fa9927bf63
JR2737,ESC,WT,control,2880,3,1,long,2019-12,JR2737_ESC_WT_control_2880_rep3,/rinnlab/rinngrp/mism6893/ftc_long_batch2/JR2737-Rinn-pool-293_R1_001.fastq.gz,/rinnlab/rinngrp/mism6893/ftc_long_batch2/JR2737-Rinn-pool-293_R2_001.fastq.gz,JR2737-Rinn-pool-293_R1_001.fastq.gz,JR2737-Rinn-pool-293_R2_001.fastq.gz,1eabf1e7b9a306813afcaf08f5f64793,070afaaf1f3a3bb5c21c517b504f4ba0
JR2738,ESC,WT,control,2880,2,1,long,2019-12,JR2738_ESC_WT_control_2880_rep2,/rinnlab/rinngrp/mism6893/ftc_long_batch2/JR2738-Rinn-pool-293_R1_001.fastq.gz,/rinnlab/rinngrp/mism6893/ftc_long_batch2/JR2738-Rinn-pool-293_R2_001.fastq.gz,JR2738-Rinn-pool-293_R1_001.fastq.gz,JR2738-Rinn-pool-293_R2_001.fastq.gz,2e63e78659574dd8cf5d2f66fd250558,0e696a0486fec6aae4c09672e63b46bf
JR2739,ESC,WT,firre_induced,2880,2,1,long,2019-12,JR2739_ESC_WT_firre_induced_2880_rep2,/rinnlab/rinngrp/mism6893/ftc_long_batch2/JR2739-Rinn-pool-293_R1_001.fastq.gz,/rinnlab/rinngrp/mism6893/ftc_long_batch2/JR2739-Rinn-pool-293_R2_001.fastq.gz,JR2739-Rinn-pool-293_R1_001.fastq.gz,JR2739-Rinn-pool-293_R2_001.fastq.gz,3a107ddd5d631feb506307ca0f1efb7e,27747491d5042c27a5e9923b2c0bf283
JR2740,ESC,WT,firre_induced,1440,3,1,long,2019-12,JR2740_ESC_WT_firre_induced_1440_rep3,/rinnlab/rinngrp/mism6893/ftc_long_batch2/JR2740-Rinn-pool-293_R1_001.fastq.gz,/rinnlab/rinngrp/mism6893/ftc_long_batch2/JR2740-Rinn-pool-293_R2_001.fastq.gz,JR2740-Rinn-pool-293_R1_001.fastq.gz,JR2740-Rinn-pool-293_R2_001.fastq.gz,364b0da24f83f15a172afc8f7c3e3bd3,f71c79a884ad38fc102f3b0e5348bc1f
JR2741,ESC,WT,control,1440,1,1,long,2019-12,JR2741_ESC_WT_control_1440_rep1,/rinnlab/rinngrp/mism6893/ftc_long_batch2/JR2741-Rinn-pool-293_R1_001.fastq.gz,/rinnlab/rinngrp/mism6893/ftc_long_batch2/JR2741-Rinn-pool-293_R2_001.fastq.gz,JR2741-Rinn-pool-293_R1_001.fastq.gz,JR2741-Rinn-pool-293_R2_001.fastq.gz,c34d8ea8021634a106a68af03d668f5f,4f3178b62d80d669e9d52c11c800b73b
JR2742,ESC,KO,firre_induced,1440,3,1,long,2019-12,JR2742_ESC_KO_firre_induced_1440_rep3,/rinnlab/rinngrp/mism6893/ftc_long_batch2/JR2742-Rinn-pool-294_R1_001.fastq.gz,/rinnlab/rinngrp/mism6893/ftc_long_batch2/JR2742-Rinn-pool-294_R2_001.fastq.gz,JR2742-Rinn-pool-294_R1_001.fastq.gz,JR2742-Rinn-pool-294_R2_001.fastq.gz,fa385ddabb51060d291ba67747a8347d,87e11b9ab000839d1a9d85c7f842c97f
JR2743,ESC,KO,firre_induced,2880,2,1,long,2019-12,JR2743_ESC_KO_firre_induced_2880_rep2,/rinnlab/rinngrp/mism6893/ftc_long_batch2/JR2743-Rinn-pool-294_R1_001.fastq.gz,/rinnlab/rinngrp/mism6893/ftc_long_batch2/JR2743-Rinn-pool-294_R2_001.fastq.gz,JR2743-Rinn-pool-294_R1_001.fastq.gz,JR2743-Rinn-pool-294_R2_001.fastq.gz,526c69b48a6a98b4dfa79c0dfed91e61,5fb9a03a3e0bb384c7699e9dec348d14
JR2744,ESC,KO,firre_induced,2880,3,1,long,2019-12,JR2744_ESC_KO_firre_induced_2880_rep3,/rinnlab/rinngrp/mism6893/ftc_long_batch2/JR2744-Rinn-pool-294_R1_001.fastq.gz,/rinnlab/rinngrp/mism6893/ftc_long_batch2/JR2744-Rinn-pool-294_R2_001.fastq.gz,JR2744-Rinn-pool-294_R1_001.fastq.gz,JR2744-Rinn-pool-294_R2_001.fastq.gz,6c4853222b363cf27f5a9cf70441a28b,ed673ed7629b456f9cf0940b19c8ab1d
JR2745,ESC,KO,control,1440,3,1,long,2019-12,JR2745_ESC_KO_control_1440_rep3,/rinnlab/rinngrp/mism6893/ftc_long_batch2/JR2745-Rinn-pool-294_R1_001.fastq.gz,/rinnlab/rinngrp/mism6893/ftc_long_batch2/JR2745-Rinn-pool-294_R2_001.fastq.gz,JR2745-Rinn-pool-294_R1_001.fastq.gz,JR2745-Rinn-pool-294_R2_001.fastq.gz,6404b1d9ce0b2ffd935b09059c32a9a9,fcd8a2e63ec852259bd399b677725eaa
JR2746,ESC,KO,firre_induced,1440,1,1,long,2019-12,JR2746_ESC_KO_firre_induced_1440_rep1,/rinnlab/rinngrp/mism6893/ftc_long_batch2/JR2746-Rinn-pool-294_R1_001.fastq.gz,/rinnlab/rinngrp/mism6893/ftc_long_batch2/JR2746-Rinn-pool-294_R2_001.fastq.gz,JR2746-Rinn-pool-294_R1_001.fastq.gz,JR2746-Rinn-pool-294_R2_001.fastq.gz,65cea69a20a711a173949dbfc3d0b56d,7f7a7fd3f2fb075d930dbdebab1575e6
JR2747,ESC,KO,firre_induced,2880,1,1,long,2019-12,JR2747_ESC_KO_firre_induced_2880_rep1,/rinnlab/rinngrp/mism6893/ftc_long_batch2/JR2747-Rinn-pool-294_R1_001.fastq.gz,/rinnlab/rinngrp/mism6893/ftc_long_batch2/JR2747-Rinn-pool-294_R2_001.fastq.gz,JR2747-Rinn-pool-294_R1_001.fastq.gz,JR2747-Rinn-pool-294_R2_001.fastq.gz,c622ead4ea339d2f493e0080f60f06dd,bcb3b8f7f0a495fa6e821a4eec06248a
JR2748,ESC,KO,firre_induced,1440,2,1,long,2019-12,JR2748_ESC_KO_firre_induced_1440_rep2,/rinnlab/rinngrp/mism6893/ftc_long_batch2/JR2748-Rinn-pool-294_R1_001.fastq.gz,/rinnlab/rinngrp/mism6893/ftc_long_batch2/JR2748-Rinn-pool-294_R2_001.fastq.gz,JR2748-Rinn-pool-294_R1_001.fastq.gz,JR2748-Rinn-pool-294_R2_001.fastq.gz,706843cb923f87a814a023128d41acbe,2eb8ae8271a5bdb0ddf1329bab5942fc
JR2749,ESC,KO,control,1440,1,1,long,2019-12,JR2749_ESC_KO_control_1440_rep1,/rinnlab/rinngrp/mism6893/ftc_long_batch2/JR2749-Rinn-pool-294_R1_001.fastq.gz,/rinnlab/rinngrp/mism6893/ftc_long_batch2/JR2749-Rinn-pool-294_R2_001.fastq.gz,JR2749-Rinn-pool-294_R1_001.fastq.gz,JR2749-Rinn-pool-294_R2_001.fastq.gz,ac76dc3cd07244665263c47bd2ce0b07,f129764b52f3c78e8589d4735103f401
JR2750,ESC,KO,control,2880,1,1,long,2019-12,JR2750_ESC_KO_control_2880_rep1,/rinnlab/rinngrp/mism6893/ftc_long_batch2/JR2750-Rinn-pool-294_R1_001.fastq.gz,/rinnlab/rinngrp/mism6893/ftc_long_batch2/JR2750-Rinn-pool-294_R2_001.fastq.gz,JR2750-Rinn-pool-294_R1_001.fastq.gz,JR2750-Rinn-pool-294_R2_001.fastq.gz,2d4cc80a9dfb0fe719618857dc8ca659,68b719fc9b169d640617e9aadc5dd958
JR2751,ESC,KO,control,1440,2,1,long,2019-12,JR2751_ESC_KO_control_1440_rep2,/rinnlab/rinngrp/mism6893/ftc_long_batch2/JR2751-Rinn-pool-294_R1_001.fastq.gz,/rinnlab/rinngrp/mism6893/ftc_long_batch2/JR2751-Rinn-pool-294_R2_001.fastq.gz,JR2751-Rinn-pool-294_R1_001.fastq.gz,JR2751-Rinn-pool-294_R2_001.fastq.gz,6f884bf8b5379f0e4b6ec74291353e9f,7ab207f1a6fbc8f6653b2932e1c497a7
JR2752,ESC,KO,control,2880,2,1,long,2019-12,JR2752_ESC_KO_control_2880_rep2,/rinnlab/rinngrp/mism6893/ftc_long_batch2/JR2752-Rinn-pool-294_R1_001.fastq.gz,/rinnlab/rinngrp/mism6893/ftc_long_batch2/JR2752-Rinn-pool-294_R2_001.fastq.gz,JR2752-Rinn-pool-294_R1_001.fastq.gz,JR2752-Rinn-pool-294_R2_001.fastq.gz,b8b9136463e29d030b83b5fc58424d8c,e5b6be25ebd14908a88c463c8b0ead6a
JR2753,ESC,KO,control,2880,3,1,long,2019-12,JR2753_ESC_KO_control_2880_rep3,/rinnlab/rinngrp/mism6893/ftc_long_batch2/JR2753-Rinn-pool-294_R1_001.fastq.gz,/rinnlab/rinngrp/mism6893/ftc_long_batch2/JR2753-Rinn-pool-294_R2_001.fastq.gz,JR2753-Rinn-pool-294_R1_001.fastq.gz,JR2753-Rinn-pool-294_R2_001.fastq.gz,a3d596154bbc7c2c00d747c8c51b708c,24e63240b5d3b765149bb21ca2f7cd60
JR2754,ESC,KO,firre_induced,720,2,1,long,2019-12,JR2754_ESC_KO_firre_induced_720_rep2,/rinnlab/rinngrp/mism6893/ftc_long_batch2/JR2754-Rinn-pool-295_R1_001.fastq.gz,/rinnlab/rinngrp/mism6893/ftc_long_batch2/JR2754-Rinn-pool-295_R2_001.fastq.gz,JR2754-Rinn-pool-295_R1_001.fastq.gz,JR2754-Rinn-pool-295_R2_001.fastq.gz,be956ad7486f131a80e8b88d42ccb703,e68d8d9410d2c9f4717c71584f98eb88
JR2755,ESC,WT,firre_induced,720,1,1,long,2019-12,JR2755_ESC_WT_firre_induced_720_rep1,/rinnlab/rinngrp/mism6893/ftc_long_batch2/JR2755-Rinn-pool-295_R1_001.fastq.gz,/rinnlab/rinngrp/mism6893/ftc_long_batch2/JR2755-Rinn-pool-295_R2_001.fastq.gz,JR2755-Rinn-pool-295_R1_001.fastq.gz,JR2755-Rinn-pool-295_R2_001.fastq.gz,639f38496643068af52393a439ad531c,83c867c7faebaba4cb6b4f4f4272e4b5
JR2756,ESC,KO,control,720,1,1,long,2019-12,JR2756_ESC_KO_control_720_rep1,/rinnlab/rinngrp/mism6893/ftc_long_batch2/JR2756-Rinn-pool-295_R1_001.fastq.gz,/rinnlab/rinngrp/mism6893/ftc_long_batch2/JR2756-Rinn-pool-295_R2_001.fastq.gz,JR2756-Rinn-pool-295_R1_001.fastq.gz,JR2756-Rinn-pool-295_R2_001.fastq.gz,501d5a567eea09f2f40a6f284efedf91,fe0c526460491f6ac89322c253d3d036
JR2757,ESC,KO,firre_induced,720,3,1,long,2019-12,JR2757_ESC_KO_firre_induced_720_rep3,/rinnlab/rinngrp/mism6893/ftc_long_batch2/JR2757-Rinn-pool-295_R1_001.fastq.gz,/rinnlab/rinngrp/mism6893/ftc_long_batch2/JR2757-Rinn-pool-295_R2_001.fastq.gz,JR2757-Rinn-pool-295_R1_001.fastq.gz,JR2757-Rinn-pool-295_R2_001.fastq.gz,2e180554b6cbaedcd4570ada11de2b72,8e0158e3794346c2d3cfb155b940ccce
JR2758,ESC,WT,control,720,3,1,long,2019-12,JR2758_ESC_WT_control_720_rep3,/rinnlab/rinngrp/mism6893/ftc_long_batch2/JR2758-Rinn-pool-295_R1_001.fastq.gz,/rinnlab/rinngrp/mism6893/ftc_long_batch2/JR2758-Rinn-pool-295_R2_001.fastq.gz,JR2758-Rinn-pool-295_R1_001.fastq.gz,JR2758-Rinn-pool-295_R2_001.fastq.gz,c1cea5c7d49c676971f5ecf5bfb88b57,e98ba18c8bb26ecebefedf97d051200d
JR2759,ESC,WT,firre_induced,720,3,1,long,2019-12,JR2759_ESC_WT_firre_induced_720_rep3,/rinnlab/rinngrp/mism6893/ftc_long_batch2/JR2759-Rinn-pool-295_R1_001.fastq.gz,/rinnlab/rinngrp/mism6893/ftc_long_batch2/JR2759-Rinn-pool-295_R2_001.fastq.gz,JR2759-Rinn-pool-295_R1_001.fastq.gz,JR2759-Rinn-pool-295_R2_001.fastq.gz,a8cf85c79bc179c997bf1b6ea0ae2815,098298f84acb703c2587897d6cc66b69
JR2760,ESC,WT,firre_induced,720,2,1,long,2019-12,JR2760_ESC_WT_firre_induced_720_rep2,/rinnlab/rinngrp/mism6893/ftc_long_batch2/JR2760-Rinn-pool-295_R1_001.fastq.gz,/rinnlab/rinngrp/mism6893/ftc_long_batch2/JR2760-Rinn-pool-295_R2_001.fastq.gz,JR2760-Rinn-pool-295_R1_001.fastq.gz,JR2760-Rinn-pool-295_R2_001.fastq.gz,15fb8c2dea7c5d7056cd74a1f3b60ae1,041cb3246c06dbc5ce75b05024a706c2
JR2761,ESC,KO,firre_induced,720,1,1,long,2019-12,JR2761_ESC_KO_firre_induced_720_rep1,/rinnlab/rinngrp/mism6893/ftc_long_batch2/JR2761-Rinn-pool-295_R1_001.fastq.gz,/rinnlab/rinngrp/mism6893/ftc_long_batch2/JR2761-Rinn-pool-295_R2_001.fastq.gz,JR2761-Rinn-pool-295_R1_001.fastq.gz,JR2761-Rinn-pool-295_R2_001.fastq.gz,abe708d88ddda26d024ea69a4e7ea6bd,32e56a97420b0428b58bd0776b9ce3e8
JR2762,ESC,WT,control,720,1,1,long,2019-12,JR2762_ESC_WT_control_720_rep1,/rinnlab/rinngrp/mism6893/ftc_long_batch2/JR2762-Rinn-pool-295_R1_001.fastq.gz,/rinnlab/rinngrp/mism6893/ftc_long_batch2/JR2762-Rinn-pool-295_R2_001.fastq.gz,JR2762-Rinn-pool-295_R1_001.fastq.gz,JR2762-Rinn-pool-295_R2_001.fastq.gz,1927d056d67527d8494199e91ca98667,4abce738198da805265c5fdf76637987
JR2763,ESC,KO,control,720,2,1,long,2019-12,JR2763_ESC_KO_control_720_rep2,/rinnlab/rinngrp/mism6893/ftc_long_batch2/JR2763-Rinn-pool-295_R1_001.fastq.gz,/rinnlab/rinngrp/mism6893/ftc_long_batch2/JR2763-Rinn-pool-295_R2_001.fastq.gz,JR2763-Rinn-pool-295_R1_001.fastq.gz,JR2763-Rinn-pool-295_R2_001.fastq.gz,c9cd7837df1a5ac4d27056f941e5c1a6,5a00d9e2bb6587ab559f918053cd16d5
JR2764,ESC,KO,control,720,3,1,long,2019-12,JR2764_ESC_KO_control_720_rep3,/rinnlab/rinngrp/mism6893/ftc_long_batch2/JR2764-Rinn-pool-295_R1_001.fastq.gz,/rinnlab/rinngrp/mism6893/ftc_long_batch2/JR2764-Rinn-pool-295_R2_001.fastq.gz,JR2764-Rinn-pool-295_R1_001.fastq.gz,JR2764-Rinn-pool-295_R2_001.fastq.gz,3d604655f5d42b0a0d465254489281a9,eb8831bb76e8e5729198ad5bff547e25
JR2765,ESC,WT,control,720,2,1,long,2019-12,JR2765_ESC_WT_control_720_rep2,/rinnlab/rinngrp/mism6893/ftc_long_batch2/JR2765-Rinn-pool-295_R1_001.fastq.gz,/rinnlab/rinngrp/mism6893/ftc_long_batch2/JR2765-Rinn-pool-295_R2_001.fastq.gz,JR2765-Rinn-pool-295_R1_001.fastq.gz,JR2765-Rinn-pool-295_R2_001.fastq.gz,52816a0f7cfe18565e0450c4f998eb36,a1a45c0a33d483215ce38c64e8070c1a
JR2878,NPC,WT,control,0,1,1,short,2020-08,JR2878_NPC_WT_control_0_rep1,/rinnlab/rinngrp/mism6893/ftc_npc/JR2878_R1_001.fastq.gz,/rinnlab/rinngrp/mism6893/ftc_npc/JR2878_R2_001.fastq.gz,JR2878_R1_001.fastq.gz,JR2878_R2_001.fastq.gz,2369d53cb636d0b6d406d7185dfa5a45,0f7b90c34b457fd3f3f56f5766851616
JR2879,NPC,WT,control,0,2,1,short,2020-08,JR2879_NPC_WT_control_0_rep2,/rinnlab/rinngrp/mism6893/ftc_npc/JR2879_R1_001.fastq.gz,/rinnlab/rinngrp/mism6893/ftc_npc/JR2879_R2_001.fastq.gz,JR2879_R1_001.fastq.gz,JR2879_R2_001.fastq.gz,b4e286022d126cd77debaa4a1498ab5a,a3848301192bd669bc5366635f02105d
JR2880,NPC,WT,control,90,2,1,short,2020-08,JR2880_NPC_WT_control_90_rep2,/rinnlab/rinngrp/mism6893/ftc_npc/JR2880_R1_001.fastq.gz,/rinnlab/rinngrp/mism6893/ftc_npc/JR2880_R2_001.fastq.gz,JR2880_R1_001.fastq.gz,JR2880_R2_001.fastq.gz,09213e2df580cb9665a9661de3e5adad,a7574e03cf11580cf7f9abab741ef71c
JR2881,NPC,WT,control,180,2,1,short,2020-08,JR2881_NPC_WT_control_180_rep2,/rinnlab/rinngrp/mism6893/ftc_npc/JR2881_R1_001.fastq.gz,/rinnlab/rinngrp/mism6893/ftc_npc/JR2881_R2_001.fastq.gz,JR2881_R1_001.fastq.gz,JR2881_R2_001.fastq.gz,7c343eabfeb186e4832704218a36bac8,6a20dce92dcbfec39feb247c4e69867d
JR2882,NPC,WT,control,360,2,1,short,2020-08,JR2882_NPC_WT_control_360_rep2,/rinnlab/rinngrp/mism6893/ftc_npc/JR2882_R1_001.fastq.gz,/rinnlab/rinngrp/mism6893/ftc_npc/JR2882_R2_001.fastq.gz,JR2882_R1_001.fastq.gz,JR2882_R2_001.fastq.gz,3fad191efddfd083b198bd7473de305c,91bac1d1b948ca5596a185f60bd81bbe
JR2883,NPC,WT,control,30,1,1,short,2020-08,JR2883_NPC_WT_control_30_rep1,/rinnlab/rinngrp/mism6893/ftc_npc/JR2883_R1_001.fastq.gz,/rinnlab/rinngrp/mism6893/ftc_npc/JR2883_R2_001.fastq.gz,JR2883_R1_001.fastq.gz,JR2883_R2_001.fastq.gz,3d3756754082ef6a002caebaa0295b6a,45a66133f215bae960bbdbc963c37c86
JR2884,NPC,WT,control,360,1,1,short,2020-08,JR2884_NPC_WT_control_360_rep1,/rinnlab/rinngrp/mism6893/ftc_npc/JR2884_R1_001.fastq.gz,/rinnlab/rinngrp/mism6893/ftc_npc/JR2884_R2_001.fastq.gz,JR2884_R1_001.fastq.gz,JR2884_R2_001.fastq.gz,475f9b6d8f3ff2933354a2997c67bfef,1e78d0bf952013b0e3a5a765bf3bbfcd
JR2885,NPC,WT,control,30,2,1,short,2020-08,JR2885_NPC_WT_control_30_rep2,/rinnlab/rinngrp/mism6893/ftc_npc/JR2885_R1_001.fastq.gz,/rinnlab/rinngrp/mism6893/ftc_npc/JR2885_R2_001.fastq.gz,JR2885_R1_001.fastq.gz,JR2885_R2_001.fastq.gz,a46ffbe5d15688630659e0549d6fe6fd,f6f5cc9ed2cd0870959dd4614a5f9ad0
JR2886,NPC,WT,control,180,1,1,short,2020-08,JR2886_NPC_WT_control_180_rep1,/rinnlab/rinngrp/mism6893/ftc_npc/JR2886_R1_001.fastq.gz,/rinnlab/rinngrp/mism6893/ftc_npc/JR2886_R2_001.fastq.gz,JR2886_R1_001.fastq.gz,JR2886_R2_001.fastq.gz,a66ffe2be216b93f823dab5adc8698cf,6d867d9e1cb13bef39f4ccf9a5d83b6d
JR2887,NPC,WT,control,270,2,1,short,2020-08,JR2887_NPC_WT_control_270_rep2,/rinnlab/rinngrp/mism6893/ftc_npc/JR2887_R1_001.fastq.gz,/rinnlab/rinngrp/mism6893/ftc_npc/JR2887_R2_001.fastq.gz,JR2887_R1_001.fastq.gz,JR2887_R2_001.fastq.gz,a2140c760d024a1dc964a4e36392699b,f0b36e6762112e0545b187aa6a4d8751
JR2888,NPC,WT,control,270,1,1,short,2020-08,JR2888_NPC_WT_control_270_rep1,/rinnlab/rinngrp/mism6893/ftc_npc/JR2888_R1_001.fastq.gz,/rinnlab/rinngrp/mism6893/ftc_npc/JR2888_R2_001.fastq.gz,JR2888_R1_001.fastq.gz,JR2888_R2_001.fastq.gz,c2a31517b3c231a01e43ae41967abb20,712008bb732207f3ae5d8caac9aa4539
JR2889,NPC,WT,control,90,1,1,short,2020-08,JR2889_NPC_WT_control_90_rep1,/rinnlab/rinngrp/mism6893/ftc_npc/JR2889_R1_001.fastq.gz,/rinnlab/rinngrp/mism6893/ftc_npc/JR2889_R2_001.fastq.gz,JR2889_R1_001.fastq.gz,JR2889_R2_001.fastq.gz,dfd32a3b9c00d21aa29e00c60651f913,bc250ca69fa34baec4076494fa25a875
JR2890,NPC,WT,firre_induced,360,2,1,short,2020-08,JR2890_NPC_WT_firre_induced_360_rep2,/rinnlab/rinngrp/mism6893/ftc_npc/JR2890_R1_001.fastq.gz,/rinnlab/rinngrp/mism6893/ftc_npc/JR2890_R2_001.fastq.gz,JR2890_R1_001.fastq.gz,JR2890_R2_001.fastq.gz,3ac47802fed4bdc5491c6de28ecfb70f,7e6d5f5aaa84fc57e27ec76dc0e55bff
JR2891,NPC,WT,firre_induced,30,2,1,short,2020-08,JR2891_NPC_WT_firre_induced_30_rep2,/rinnlab/rinngrp/mism6893/ftc_npc/JR2891_R1_001.fastq.gz,/rinnlab/rinngrp/mism6893/ftc_npc/JR2891_R2_001.fastq.gz,JR2891_R1_001.fastq.gz,JR2891_R2_001.fastq.gz,e6835fed1582d9c56e4faa960f50d897,4d2038b50a1a426e27239dfc2bf7fe82
JR2892,NPC,WT,firre_induced,90,1,1,short,2020-08,JR2892_NPC_WT_firre_induced_90_rep1,/rinnlab/rinngrp/mism6893/ftc_npc/JR2892_R1_001.fastq.gz,/rinnlab/rinngrp/mism6893/ftc_npc/JR2892_R2_001.fastq.gz,JR2892_R1_001.fastq.gz,JR2892_R2_001.fastq.gz,8e49d197d9a2b1bec7e20ecc5c7755e0,fbbeac7ae37984f172bf1934826fd8ca
JR2893,NPC,WT,firre_induced,360,1,1,short,2020-08,JR2893_NPC_WT_firre_induced_360_rep1,/rinnlab/rinngrp/mism6893/ftc_npc/JR2893_R1_001.fastq.gz,/rinnlab/rinngrp/mism6893/ftc_npc/JR2893_R2_001.fastq.gz,JR2893_R1_001.fastq.gz,JR2893_R2_001.fastq.gz,68252a26526f55bbb00ba0e19ee5ebbf,f789738e1892f1a34eed3271b2b427cb
JR2894,NPC,WT,firre_induced,180,2,1,short,2020-08,JR2894_NPC_WT_firre_induced_180_rep2,/rinnlab/rinngrp/mism6893/ftc_npc/JR2894_R1_001.fastq.gz,/rinnlab/rinngrp/mism6893/ftc_npc/JR2894_R2_001.fastq.gz,JR2894_R1_001.fastq.gz,JR2894_R2_001.fastq.gz,b9e7fe6eae16ae881d46afc7aad1cef9,984417dd84e28040d54c9dba8b3ec9e2
JR2895,NPC,WT,firre_induced,270,1,1,short,2020-08,JR2895_NPC_WT_firre_induced_270_rep1,/rinnlab/rinngrp/mism6893/ftc_npc/JR2895_R1_001.fastq.gz,/rinnlab/rinngrp/mism6893/ftc_npc/JR2895_R2_001.fastq.gz,JR2895_R1_001.fastq.gz,JR2895_R2_001.fastq.gz,c5d03de58705aa8f3164f543df63e53c,6c6f69b55a6ee4052d38560e6c6fd9ab
JR2896,NPC,WT,firre_induced,30,1,1,short,2020-08,JR2896_NPC_WT_firre_induced_30_rep1,/rinnlab/rinngrp/mism6893/ftc_npc/JR2896_R1_001.fastq.gz,/rinnlab/rinngrp/mism6893/ftc_npc/JR2896_R2_001.fastq.gz,JR2896_R1_001.fastq.gz,JR2896_R2_001.fastq.gz,c263d25876d887c6fd6f84ad50dd3751,74bf3af3d90e512544d75d2c07c4d006
JR2897,NPC,WT,firre_induced,180,1,1,short,2020-08,JR2897_NPC_WT_firre_induced_180_rep1,/rinnlab/rinngrp/mism6893/ftc_npc/JR2897_R1_001.fastq.gz,/rinnlab/rinngrp/mism6893/ftc_npc/JR2897_R2_001.fastq.gz,JR2897_R1_001.fastq.gz,JR2897_R2_001.fastq.gz,b6edd1ebbfc68e97cee4690bc424c0e7,f96630b11c5ab177a7f9c0df5f2554b1
JR2898,NPC,WT,firre_induced,90,2,1,short,2020-08,JR2898_NPC_WT_firre_induced_90_rep2,/rinnlab/rinngrp/mism6893/ftc_npc/JR2898_R1_001.fastq.gz,/rinnlab/rinngrp/mism6893/ftc_npc/JR2898_R2_001.fastq.gz,JR2898_R1_001.fastq.gz,JR2898_R2_001.fastq.gz,b68270363a470de53f186d92878af4bc,64f16eaf2296c1c65a40199587666f36
JR2899,NPC,WT,firre_induced,270,2,1,short,2020-08,JR2899_NPC_WT_firre_induced_270_rep2,/rinnlab/rinngrp/mism6893/ftc_npc/JR2899_R1_001.fastq.gz,/rinnlab/rinngrp/mism6893/ftc_npc/JR2899_R2_001.fastq.gz,JR2899_R1_001.fastq.gz,JR2899_R2_001.fastq.gz,f5dd16fde6859d6c809df13805c42a40,0cf810c0d2ca035955d9a4c987d0f0f8
JR2900,NPC,WT,firre_induced,0,2,1,short,2020-08,JR2900_NPC_WT_firre_induced_0_rep2,/rinnlab/rinngrp/mism6893/ftc_npc/JR2900_R1_001.fastq.gz,/rinnlab/rinngrp/mism6893/ftc_npc/JR2900_R2_001.fastq.gz,JR2900_R1_001.fastq.gz,JR2900_R2_001.fastq.gz,a1b398247f08a8766b7ce756829a9760,12a0ff26f42c9ef4730c8f6289ed3c9c
JR2901,NPC,WT,firre_induced,0,1,1,short,2020-08,JR2901_NPC_WT_firre_induced_0_rep1,/rinnlab/rinngrp/mism6893/ftc_npc/JR2901_R1_001.fastq.gz,/rinnlab/rinngrp/mism6893/ftc_npc/JR2901_R2_001.fastq.gz,JR2901_R1_001.fastq.gz,JR2901_R2_001.fastq.gz,129df39b5e55d0eeadd4d23abb99e416,a9614111812d424bdee1422da7f4c641
JR2902,NPC,KO,control,0,1,1,short,2020-08,JR2902_NPC_KO_control_0_rep1,/rinnlab/rinngrp/mism6893/ftc_npc/JR2902_R1_001.fastq.gz,/rinnlab/rinngrp/mism6893/ftc_npc/JR2902_R2_001.fastq.gz,JR2902_R1_001.fastq.gz,JR2902_R2_001.fastq.gz,f269acec45f2d64491eb553e9130c609,f35847229a3a63796b9ae05563f264b1
JR2903,NPC,KO,control,0,2,1,short,2020-08,JR2903_NPC_KO_control_0_rep2,/rinnlab/rinngrp/mism6893/ftc_npc/JR2903_R1_001.fastq.gz,/rinnlab/rinngrp/mism6893/ftc_npc/JR2903_R2_001.fastq.gz,JR2903_R1_001.fastq.gz,JR2903_R2_001.fastq.gz,671ec325abc3447e2209811af28a945b,e81987687950a6d3dc222a8717fdac73
JR2904,NPC,KO,control,360,1,1,short,2020-08,JR2904_NPC_KO_control_360_rep1,/rinnlab/rinngrp/mism6893/ftc_npc/JR2904_R1_001.fastq.gz,/rinnlab/rinngrp/mism6893/ftc_npc/JR2904_R2_001.fastq.gz,JR2904_R1_001.fastq.gz,JR2904_R2_001.fastq.gz,d577c2a5dc5576b0b3b591d218b8aa3c,cd7d3a791872df27975e3b6c7eb292c6
JR2905,NPC,KO,control,270,2,1,short,2020-08,JR2905_NPC_KO_control_270_rep2,/rinnlab/rinngrp/mism6893/ftc_npc/JR2905_R1_001.fastq.gz,/rinnlab/rinngrp/mism6893/ftc_npc/JR2905_R2_001.fastq.gz,JR2905_R1_001.fastq.gz,JR2905_R2_001.fastq.gz,28222af193b784777acb3c72879c3412,7315cfbfbdae37a2f91b343f435bf7ad
JR2906,NPC,KO,control,270,1,1,short,2020-08,JR2906_NPC_KO_control_270_rep1,/rinnlab/rinngrp/mism6893/ftc_npc/JR2906_R1_001.fastq.gz,/rinnlab/rinngrp/mism6893/ftc_npc/JR2906_R2_001.fastq.gz,JR2906_R1_001.fastq.gz,JR2906_R2_001.fastq.gz,81ad0d0201b966da09eb82bf0e2100d6,8fa7620694e08a4c40fcd1ac3cff6ebf
JR2907,NPC,KO,control,30,1,1,short,2020-08,JR2907_NPC_KO_control_30_rep1,/rinnlab/rinngrp/mism6893/ftc_npc/JR2907_R1_001.fastq.gz,/rinnlab/rinngrp/mism6893/ftc_npc/JR2907_R2_001.fastq.gz,JR2907_R1_001.fastq.gz,JR2907_R2_001.fastq.gz,afb69aaefdc29e8b07b8c43f7c438ef8,cd5843db3baa6c5211c798143bcf7728
JR2908,NPC,KO,control,360,2,1,short,2020-08,JR2908_NPC_KO_control_360_rep2,/rinnlab/rinngrp/mism6893/ftc_npc/JR2908_R1_001.fastq.gz,/rinnlab/rinngrp/mism6893/ftc_npc/JR2908_R2_001.fastq.gz,JR2908_R1_001.fastq.gz,JR2908_R2_001.fastq.gz,8c1c845d8e5da39832f913938ee61569,51b93cfc247ed838424197f607b032b0
JR2909,NPC,KO,control,180,1,1,short,2020-08,JR2909_NPC_KO_control_180_rep1,/rinnlab/rinngrp/mism6893/ftc_npc/JR2909_R1_001.fastq.gz,/rinnlab/rinngrp/mism6893/ftc_npc/JR2909_R2_001.fastq.gz,JR2909_R1_001.fastq.gz,JR2909_R2_001.fastq.gz,4d4b88de9107923ce9e9ef9b2b7efa7b,f0e80b43d6079b2ec027bfea22566bab
JR2910,NPC,KO,control,90,1,1,short,2020-08,JR2910_NPC_KO_control_90_rep1,/rinnlab/rinngrp/mism6893/ftc_npc/JR2910_R1_001.fastq.gz,/rinnlab/rinngrp/mism6893/ftc_npc/JR2910_R2_001.fastq.gz,JR2910_R1_001.fastq.gz,JR2910_R2_001.fastq.gz,9225e286af0eb260c5674214043056fa,83cb46d045f9cf3451e5396a9d979ef3
JR2911,NPC,KO,control,180,2,1,short,2020-08,JR2911_NPC_KO_control_180_rep2,/rinnlab/rinngrp/mism6893/ftc_npc/JR2911_R1_001.fastq.gz,/rinnlab/rinngrp/mism6893/ftc_npc/JR2911_R2_001.fastq.gz,JR2911_R1_001.fastq.gz,JR2911_R2_001.fastq.gz,d2f0bf4915927631c2697b7b3a1957ea,f8259c6c30f295c188afdf43c4ffcb89
JR2912,NPC,KO,control,30,2,1,short,2020-08,JR2912_NPC_KO_control_30_rep2,/rinnlab/rinngrp/mism6893/ftc_npc/JR2912_R1_001.fastq.gz,/rinnlab/rinngrp/mism6893/ftc_npc/JR2912_R2_001.fastq.gz,JR2912_R1_001.fastq.gz,JR2912_R2_001.fastq.gz,c6c48e470f42619bcdceb880192acd40,38ba13d9dc30f8bdb0a60d77d8b6e72d
JR2913,NPC,KO,control,90,2,1,short,2020-08,JR2913_NPC_KO_control_90_rep2,/rinnlab/rinngrp/mism6893/ftc_npc/JR2913_R1_001.fastq.gz,/rinnlab/rinngrp/mism6893/ftc_npc/JR2913_R2_001.fastq.gz,JR2913_R1_001.fastq.gz,JR2913_R2_001.fastq.gz,14d177931efb9c51ef7ef15e9c561692,cf41de38d370ec91dee00fda5696e009
JR2914,NPC,KO,firre_induced,0,2,1,short,2020-08,JR2914_NPC_KO_firre_induced_0_rep2,/rinnlab/rinngrp/mism6893/ftc_npc/JR2914_R1_001.fastq.gz,/rinnlab/rinngrp/mism6893/ftc_npc/JR2914_R2_001.fastq.gz,JR2914_R1_001.fastq.gz,JR2914_R2_001.fastq.gz,42b9eb80d5beba88dd8a2e4ba150d1f5,3c322294d0eda47c3043427aab245900
JR2915,NPC,KO,firre_induced,360,2,1,short,2020-08,JR2915_NPC_KO_firre_induced_360_rep2,/rinnlab/rinngrp/mism6893/ftc_npc/JR2915_R1_001.fastq.gz,/rinnlab/rinngrp/mism6893/ftc_npc/JR2915_R2_001.fastq.gz,JR2915_R1_001.fastq.gz,JR2915_R2_001.fastq.gz,b0f3b8a715ea8db6b5ea0c2261c1200d,72023b933559ed61559abd39d44e7ac2
JR2916,NPC,KO,firre_induced,360,1,1,short,2020-08,JR2916_NPC_KO_firre_induced_360_rep1,/rinnlab/rinngrp/mism6893/ftc_npc/JR2916_R1_001.fastq.gz,/rinnlab/rinngrp/mism6893/ftc_npc/JR2916_R2_001.fastq.gz,JR2916_R1_001.fastq.gz,JR2916_R2_001.fastq.gz,173c8d7e02a06441e1442cebd2981bdd,f3ed883dd3c2fba29ecf01c77deae11d
JR2917,NPC,KO,firre_induced,90,1,1,short,2020-08,JR2917_NPC_KO_firre_induced_90_rep1,/rinnlab/rinngrp/mism6893/ftc_npc/JR2917_R1_001.fastq.gz,/rinnlab/rinngrp/mism6893/ftc_npc/JR2917_R2_001.fastq.gz,JR2917_R1_001.fastq.gz,JR2917_R2_001.fastq.gz,9e6a707024b4bcb07809a9c17753980b,2765e62a101518211c894ba07813debc
JR2918,NPC,KO,firre_induced,270,2,1,short,2020-08,JR2918_NPC_KO_firre_induced_270_rep2,/rinnlab/rinngrp/mism6893/ftc_npc/JR2918_R1_001.fastq.gz,/rinnlab/rinngrp/mism6893/ftc_npc/JR2918_R2_001.fastq.gz,JR2918_R1_001.fastq.gz,JR2918_R2_001.fastq.gz,f99c9be6eec5b3569cc744ab6cfa8b69,b5b8ad5133cbde1c2fa2f570398e9b3e
JR2919,NPC,KO,firre_induced,30,1,1,short,2020-08,JR2919_NPC_KO_firre_induced_30_rep1,/rinnlab/rinngrp/mism6893/ftc_npc/JR2919_R1_001.fastq.gz,/rinnlab/rinngrp/mism6893/ftc_npc/JR2919_R2_001.fastq.gz,JR2919_R1_001.fastq.gz,JR2919_R2_001.fastq.gz,c6c87a08452bd37dd183a599ee84c799,b5bade59939b0c2727d2bcc00db8242b
JR2920,NPC,KO,firre_induced,90,2,1,short,2020-08,JR2920_NPC_KO_firre_induced_90_rep2,/rinnlab/rinngrp/mism6893/ftc_npc/JR2920_R1_001.fastq.gz,/rinnlab/rinngrp/mism6893/ftc_npc/JR2920_R2_001.fastq.gz,JR2920_R1_001.fastq.gz,JR2920_R2_001.fastq.gz,2b43de3f65d30f6a41a9e45b237db170,93c09ceb2a153920aaec6ebd07c5abef
JR2921,NPC,KO,firre_induced,180,2,1,short,2020-08,JR2921_NPC_KO_firre_induced_180_rep2,/rinnlab/rinngrp/mism6893/ftc_npc/JR2921_R1_001.fastq.gz,/rinnlab/rinngrp/mism6893/ftc_npc/JR2921_R2_001.fastq.gz,JR2921_R1_001.fastq.gz,JR2921_R2_001.fastq.gz,35d57ae331d8d2f028e0313a15a7de54,edab9a9e89ec0e10291a528a881fe1dd
JR2922,NPC,KO,firre_induced,0,1,1,short,2020-08,JR2922_NPC_KO_firre_induced_0_rep1,/rinnlab/rinngrp/mism6893/ftc_npc/JR2922_R1_001.fastq.gz,/rinnlab/rinngrp/mism6893/ftc_npc/JR2922_R2_001.fastq.gz,JR2922_R1_001.fastq.gz,JR2922_R2_001.fastq.gz,05f67715a8f983470ded9c606af9394c,b1451f8d3ab17b6b77970125b3f4b1d8
JR2923,NPC,KO,firre_induced,30,2,1,short,2020-08,JR2923_NPC_KO_firre_induced_30_rep2,/rinnlab/rinngrp/mism6893/ftc_npc/JR2923_R1_001.fastq.gz,/rinnlab/rinngrp/mism6893/ftc_npc/JR2923_R2_001.fastq.gz,JR2923_R1_001.fastq.gz,JR2923_R2_001.fastq.gz,2058f53de007c720a622e9ac31babd9f,53c6e85173bc4d48f72efdced919b954
JR2924,NPC,KO,firre_induced,180,1,1,short,2020-08,JR2924_NPC_KO_firre_induced_180_rep1,/rinnlab/rinngrp/mism6893/ftc_npc/JR2924_R1_001.fastq.gz,/rinnlab/rinngrp/mism6893/ftc_npc/JR2924_R2_001.fastq.gz,JR2924_R1_001.fastq.gz,JR2924_R2_001.fastq.gz,7d5f7c26a54324828423f161a000cfe6,48fcb52505d1a0f6f43ff36e80388b4a
JR2925,NPC,KO,firre_induced,270,1,1,short,2020-08,JR2925_NPC_KO_firre_induced_270_rep1,/rinnlab/rinngrp/mism6893/ftc_npc/JR2925_R1_001.fastq.gz,/rinnlab/rinngrp/mism6893/ftc_npc/JR2925_R2_001.fastq.gz,JR2925_R1_001.fastq.gz,JR2925_R2_001.fastq.gz,a0a00f3653ee6ac9000f99f6cd7fe63b,9aaeb4a7091876097c43001c6115686a