gene_name,dbd,is_tf
TFAP2A,AP-2,Yes
TFAP2B,AP-2,Yes
TFAP2C,AP-2,Yes
TFAP2D,AP-2,Yes
TFAP2E,AP-2,Yes
ARID1A,ARID/BRIGHT,No
ARID1B,ARID/BRIGHT,No
ARID3A,ARID/BRIGHT,Yes
ARID3B,ARID/BRIGHT,Yes
ARID3C,ARID/BRIGHT,Yes
ARID4A,ARID/BRIGHT,No
ARID4B,ARID/BRIGHT,No
ARID5A,ARID/BRIGHT,Yes
ARID5B,ARID/BRIGHT,Yes
JARID2,ARID/BRIGHT,No
KDM5A,ARID/BRIGHT,No
KDM5B,ARID/BRIGHT,Yes
KDM5C,ARID/BRIGHT,No
KDM5D,ARID/BRIGHT,No
ARID2,ARID/BRIGHT; RFX,Yes
AHCTF1,AT hook,Yes
AHDC1,AT hook,Yes
AKNA,AT hook,Yes
ASH1L,AT hook,Yes
CBX2,AT hook,Yes
DNTTIP1,AT hook,Yes
DOT1L,AT hook,Yes
GLYR1,AT hook,Yes
HMGA1,AT hook,Yes
HMGA2,AT hook,Yes
PHF20,AT hook,Yes
PHF21A,AT hook,Yes
PRR12,AT hook,Yes
SCML4,AT hook,Yes
SETBP1,AT hook,Yes
SRCAP,AT hook,Yes
C11orf95,BED ZF,Yes
FAM200B,BED ZF,Yes
SGSM2,BED ZF,Yes
ZBED1,BED ZF,Yes
ZBED2,BED ZF,Yes
ZBED3,BED ZF,Yes
ZBED4,BED ZF,Yes
ZBED5,BED ZF,Yes
ZBED6,BED ZF,Yes
ZBED8,BED ZF,No
ZBED9,BED ZF,Yes
AHR,bHLH,Yes
AHRR,bHLH,Yes
ARNT,bHLH,Yes
ARNT2,bHLH,Yes
ARNTL,bHLH,Yes
ARNTL2,bHLH,Yes
ASCL1,bHLH,Yes
ASCL2,bHLH,Yes
ASCL3,bHLH,Yes
ASCL4,bHLH,Yes
ASCL5,bHLH,Yes
ATOH1,bHLH,Yes
ATOH7,bHLH,Yes
ATOH8,bHLH,Yes
BHLHA15,bHLH,Yes
BHLHA9,bHLH,Yes
BHLHE22,bHLH,Yes
BHLHE23,bHLH,Yes
BHLHE40,bHLH,Yes
BHLHE41,bHLH,Yes
CCDC169-SOHLH2,bHLH,Yes
CLOCK,bHLH,Yes
EPAS1,bHLH,Yes
FERD3L,bHLH,Yes
FIGLA,bHLH,Yes
HAND1,bHLH,Yes
HAND2,bHLH,Yes
HELT,bHLH,Yes
HES1,bHLH,Yes
HES2,bHLH,Yes
HES3,bHLH,Yes
HES4,bHLH,Yes
HES5,bHLH,Yes
HES6,bHLH,Yes
HES7,bHLH,Yes
HEY1,bHLH,Yes
HEY2,bHLH,Yes
HEYL,bHLH,Yes
HIF1A,bHLH,Yes
HIF3A,bHLH,Yes
ID1,bHLH,No
ID2,bHLH,No
ID3,bHLH,No
ID4,bHLH,No
LYL1,bHLH,Yes
MAX,bHLH,Yes
MESP1,bHLH,Yes
MESP2,bHLH,Yes
MITF,bHLH,Yes
MLX,bHLH,Yes
MLXIP,bHLH,Yes
MLXIPL,bHLH,Yes
MNT,bHLH,Yes
MSC,bHLH,Yes
MSGN1,bHLH,Yes
MXD1,bHLH,Yes
MXD3,bHLH,Yes
MXD4,bHLH,Yes
MXI1,bHLH,Yes
MYC,bHLH,Yes
MYCL,bHLH,Yes
MYCN,bHLH,Yes
MYF5,bHLH,Yes
MYF6,bHLH,Yes
MYOD1,bHLH,Yes
MYOG,bHLH,Yes
NCOA1,bHLH,Yes
NCOA2,bHLH,Yes
NCOA3,bHLH,Yes
NEUROD1,bHLH,Yes
NEUROD2,bHLH,Yes
NEUROD4,bHLH,Yes
NEUROD6,bHLH,Yes
NEUROG1,bHLH,Yes
NEUROG2,bHLH,Yes
NEUROG3,bHLH,Yes
NHLH1,bHLH,Yes
NHLH2,bHLH,Yes
NPAS1,bHLH,Yes
NPAS2,bHLH,Yes
NPAS3,bHLH,Yes
NPAS4,bHLH,Yes
OLIG1,bHLH,Yes
OLIG2,bHLH,Yes
OLIG3,bHLH,Yes
PTF1A,bHLH,Yes
SCX,bHLH,Yes
SIM1,bHLH,Yes
SIM2,bHLH,Yes
SOHLH1,bHLH,Yes
SOHLH2,bHLH,Yes
SREBF1,bHLH,Yes
SREBF2,bHLH,Yes
TAL1,bHLH,Yes
TAL2,bHLH,Yes
TCF12,bHLH,Yes
TCF15,bHLH,Yes
TCF21,bHLH,Yes
TCF23,bHLH,Yes
TCF24,bHLH,Yes
TCF3,bHLH,Yes
TCF4,bHLH,Yes
TCFL5,bHLH,Yes
TFAP4,bHLH,Yes
TFE3,bHLH,Yes
TFEB,bHLH,Yes
TFEC,bHLH,Yes
TWIST1,bHLH,Yes
TWIST2,bHLH,Yes
USF1,bHLH,Yes
USF2,bHLH,Yes
USF3,bHLH,Yes
POGK,Brinker,Yes
AC023509.3,bZIP,Yes
APC2,bZIP,No
ATF1,bZIP,Yes
ATF2,bZIP,Yes
ATF3,bZIP,Yes
ATF4,bZIP,Yes
ATF5,bZIP,Yes
ATF6,bZIP,Yes
ATF6B,bZIP,Yes
ATF7,bZIP,Yes
BACH1,bZIP,Yes
BACH2,bZIP,Yes
BATF,bZIP,Yes
BATF2,bZIP,Yes
BATF3,bZIP,Yes
BEND4,bZIP,No
CCDC3,bZIP,No
CCDC83,bZIP,No
CEBPA,bZIP,Yes
CEBPB,bZIP,Yes
CEBPD,bZIP,Yes
CEBPE,bZIP,Yes
CEBPG,bZIP,Yes
CREB1,bZIP,Yes
CREB3,bZIP,Yes
CREB3L1,bZIP,Yes
CREB3L2,bZIP,Yes
CREB3L3,bZIP,Yes
CREB3L4,bZIP,Yes
CREB5,bZIP,Yes
CREBL2,bZIP,Yes
CREBRF,bZIP,No
CREBZF,bZIP,Yes
CREM,bZIP,Yes
DBP,bZIP,Yes
DDIT3,bZIP,Yes
FOS,bZIP,Yes
FOSB,bZIP,Yes
FOSL1,bZIP,Yes
FOSL2,bZIP,Yes
GULP1,bZIP,No
HLF,bZIP,Yes
HOOK2,bZIP,No
IQGAP1,bZIP,No
JDP2,bZIP,Yes
JUN,bZIP,Yes
JUNB,bZIP,Yes
JUND,bZIP,Yes
KIF15,bZIP,No
KRT13,bZIP,No
MAF,bZIP,Yes
MAFA,bZIP,Yes
MAFB,bZIP,Yes
MAFF,bZIP,Yes
MAFG,bZIP,Yes
MAFK,bZIP,Yes
MORC3,bZIP,No
NDC80,bZIP,No
NFE2,bZIP,Yes
NFE2L1,bZIP,Yes
NFE2L2,bZIP,Yes
NFE2L3,bZIP,Yes
NFIL3,bZIP,Yes
NRBF2,bZIP,No
NRL,bZIP,Yes
PPP1R21,bZIP,No
RAB11FIP4,bZIP,No
RNF219,bZIP,No
SCOC,bZIP,No
TEF,bZIP,Yes
TRAK2,bZIP,No
XBP1,bZIP,Yes
AC008770.3,C2H2 ZF,Yes
AC092835.1,C2H2 ZF,Yes
AC138696.1,C2H2 ZF,Yes
AEBP2,C2H2 ZF,Yes
AKAP8,C2H2 ZF,Yes
AKAP8L,C2H2 ZF,Yes
ANKZF1,C2H2 ZF,Yes
ATMIN,C2H2 ZF,Yes
BCL11A,C2H2 ZF,Yes
BCL11B,C2H2 ZF,Yes
BCL6,C2H2 ZF,Yes
BCL6B,C2H2 ZF,Yes
BNC1,C2H2 ZF,Yes
BNC2,C2H2 ZF,Yes
CASZ1,C2H2 ZF,Yes
CCDC17,C2H2 ZF,Yes
CHAMP1,C2H2 ZF,Yes
CPXCR1,C2H2 ZF,Yes
CTCF,C2H2 ZF,Yes
CTCFL,C2H2 ZF,Yes
DPF1,C2H2 ZF,Yes
DPF3,C2H2 ZF,Yes
DZIP1,C2H2 ZF,Yes
E4F1,C2H2 ZF,Yes
EEA1,C2H2 ZF,Yes
EGR1,C2H2 ZF,Yes
EGR2,C2H2 ZF,Yes
EGR3,C2H2 ZF,Yes
EGR4,C2H2 ZF,Yes
FAM170A,C2H2 ZF,Yes
FEZF1,C2H2 ZF,Yes
FEZF2,C2H2 ZF,Yes
FIZ1,C2H2 ZF,Yes
GFI1,C2H2 ZF,Yes
GFI1B,C2H2 ZF,Yes
GLI1,C2H2 ZF,Yes
GLI2,C2H2 ZF,Yes
GLI3,C2H2 ZF,Yes
GLI4,C2H2 ZF,Yes
GLIS1,C2H2 ZF,Yes
GLIS2,C2H2 ZF,Yes
GLIS3,C2H2 ZF,Yes
GTF3A,C2H2 ZF,Yes
GZF1,C2H2 ZF,Yes
HIC1,C2H2 ZF,Yes
HIC2,C2H2 ZF,Yes
HINFP,C2H2 ZF,Yes
HIVEP1,C2H2 ZF,Yes
HIVEP2,C2H2 ZF,Yes
HIVEP3,C2H2 ZF,Yes
HKR1,C2H2 ZF,Yes
IKZF1,C2H2 ZF,Yes
IKZF2,C2H2 ZF,Yes
IKZF3,C2H2 ZF,Yes
IKZF4,C2H2 ZF,Yes
IKZF5,C2H2 ZF,Yes
INSM1,C2H2 ZF,Yes
INSM2,C2H2 ZF,Yes
JAZF1,C2H2 ZF,Yes
KAT7,C2H2 ZF,Yes
KCMF1,C2H2 ZF,Yes
KIN,C2H2 ZF,Yes
KLF1,C2H2 ZF,Yes
KLF10,C2H2 ZF,Yes
KLF11,C2H2 ZF,Yes
KLF12,C2H2 ZF,Yes
KLF13,C2H2 ZF,Yes
KLF14,C2H2 ZF,Yes
KLF15,C2H2 ZF,Yes
KLF16,C2H2 ZF,Yes
KLF17,C2H2 ZF,Yes
KLF2,C2H2 ZF,Yes
KLF3,C2H2 ZF,Yes
KLF4,C2H2 ZF,Yes
KLF5,C2H2 ZF,Yes
KLF6,C2H2 ZF,Yes
KLF7,C2H2 ZF,Yes
KLF8,C2H2 ZF,Yes
KLF9,C2H2 ZF,Yes
L3MBTL1,C2H2 ZF,Yes
L3MBTL3,C2H2 ZF,Yes
L3MBTL4,C2H2 ZF,Yes
MAZ,C2H2 ZF,Yes
MECOM,C2H2 ZF,Yes
MTF1,C2H2 ZF,Yes
MYNN,C2H2 ZF,Yes
MYT1,C2H2 ZF,Yes
MYT1L,C2H2 ZF,Yes
MZF1,C2H2 ZF,Yes
NUFIP1,C2H2 ZF,No
OSR1,C2H2 ZF,Yes
OSR2,C2H2 ZF,Yes
OVOL1,C2H2 ZF,Yes
OVOL2,C2H2 ZF,Yes
OVOL3,C2H2 ZF,Yes
PEG3,C2H2 ZF,Yes
PLAG1,C2H2 ZF,Yes
PLAGL1,C2H2 ZF,Yes
PLAGL2,C2H2 ZF,Yes
PRDM1,C2H2 ZF,Yes
PRDM10,C2H2 ZF,Yes
PRDM12,C2H2 ZF,Yes
PRDM13,C2H2 ZF,Yes
PRDM14,C2H2 ZF,Yes
PRDM15,C2H2 ZF,Yes
PRDM16,C2H2 ZF,Yes
PRDM2,C2H2 ZF,Yes
PRDM4,C2H2 ZF,Yes
PRDM5,C2H2 ZF,Yes
PRDM6,C2H2 ZF,Yes
PRDM8,C2H2 ZF,Yes
PRDM9,C2H2 ZF,Yes
PRMT3,C2H2 ZF,Yes
RBAK,C2H2 ZF,Yes
RBSN,C2H2 ZF,Yes
REPIN1,C2H2 ZF,Yes
REST,C2H2 ZF,Yes
RLF,C2H2 ZF,Yes
RREB1,C2H2 ZF,Yes
SALL1,C2H2 ZF,Yes
SALL2,C2H2 ZF,Yes
SALL3,C2H2 ZF,Yes
SALL4,C2H2 ZF,Yes
SCRT1,C2H2 ZF,Yes
SCRT2,C2H2 ZF,Yes
SLC2A4RG,C2H2 ZF,Yes
SNAI1,C2H2 ZF,Yes
SNAI2,C2H2 ZF,Yes
SNAI3,C2H2 ZF,Yes
SP1,C2H2 ZF,Yes
SP2,C2H2 ZF,Yes
SP3,C2H2 ZF,Yes
SP4,C2H2 ZF,Yes
SP5,C2H2 ZF,Yes
SP6,C2H2 ZF,Yes
SP7,C2H2 ZF,Yes
SP8,C2H2 ZF,Yes
SP9,C2H2 ZF,Yes
ST18,C2H2 ZF,Yes
TRAFD1,C2H2 ZF,Yes
TSHZ1,C2H2 ZF,Yes
TSHZ2,C2H2 ZF,Yes
TSHZ3,C2H2 ZF,Yes
VEZF1,C2H2 ZF,Yes
WIZ,C2H2 ZF,Yes
WT1,C2H2 ZF,Yes
YY1,C2H2 ZF,Yes
YY2,C2H2 ZF,Yes
ZBTB1,C2H2 ZF,Yes
ZBTB10,C2H2 ZF,Yes
ZBTB11,C2H2 ZF,Yes
ZBTB12,C2H2 ZF,Yes
ZBTB14,C2H2 ZF,Yes
ZBTB16,C2H2 ZF,Yes
ZBTB17,C2H2 ZF,Yes
ZBTB18,C2H2 ZF,Yes
ZBTB2,C2H2 ZF,Yes
ZBTB20,C2H2 ZF,Yes
ZBTB21,C2H2 ZF,Yes
ZBTB22,C2H2 ZF,Yes
ZBTB25,C2H2 ZF,Yes
ZBTB26,C2H2 ZF,Yes
ZBTB3,C2H2 ZF,Yes
ZBTB32,C2H2 ZF,Yes
ZBTB33,C2H2 ZF,Yes
ZBTB34,C2H2 ZF,Yes
ZBTB37,C2H2 ZF,Yes
ZBTB38,C2H2 ZF,Yes
ZBTB39,C2H2 ZF,Yes
ZBTB4,C2H2 ZF,Yes
ZBTB40,C2H2 ZF,Yes
ZBTB41,C2H2 ZF,Yes
ZBTB42,C2H2 ZF,Yes
ZBTB43,C2H2 ZF,Yes
ZBTB44,C2H2 ZF,Yes
ZBTB45,C2H2 ZF,Yes
ZBTB46,C2H2 ZF,Yes
ZBTB47,C2H2 ZF,Yes
ZBTB48,C2H2 ZF,Yes
ZBTB49,C2H2 ZF,Yes
ZBTB5,C2H2 ZF,Yes
ZBTB6,C2H2 ZF,Yes
ZBTB7A,C2H2 ZF,Yes
ZBTB7B,C2H2 ZF,Yes
ZBTB7C,C2H2 ZF,Yes
ZBTB8A,C2H2 ZF,Yes
ZBTB8B,C2H2 ZF,Yes
ZBTB9,C2H2 ZF,Yes
ZFAT,C2H2 ZF,Yes
ZFP1,C2H2 ZF,Yes
ZFP14,C2H2 ZF,Yes
ZFP2,C2H2 ZF,Yes
ZFP28,C2H2 ZF,Yes
ZFP3,C2H2 ZF,Yes
ZFP30,C2H2 ZF,Yes
ZFP37,C2H2 ZF,Yes
ZFP41,C2H2 ZF,Yes
ZFP42,C2H2 ZF,Yes
ZFP57,C2H2 ZF,Yes
ZFP62,C2H2 ZF,Yes
ZFP64,C2H2 ZF,Yes
ZFP69,C2H2 ZF,Yes
ZFP69B,C2H2 ZF,Yes
ZFP82,C2H2 ZF,Yes
ZFP90,C2H2 ZF,Yes
ZFP91,C2H2 ZF,Yes
ZFP92,C2H2 ZF,Yes
ZFPL1,C2H2 ZF,No
ZFPM1,C2H2 ZF,Yes
ZFPM2,C2H2 ZF,Yes
ZFR,C2H2 ZF,No
ZFR2,C2H2 ZF,No
ZFX,C2H2 ZF,Yes
ZFY,C2H2 ZF,Yes
ZIC1,C2H2 ZF,Yes
ZIC2,C2H2 ZF,Yes
ZIC3,C2H2 ZF,Yes
ZIC4,C2H2 ZF,Yes
ZIC5,C2H2 ZF,Yes
ZIK1,C2H2 ZF,Yes
ZIM2,C2H2 ZF,Yes
ZIM3,C2H2 ZF,Yes
ZKSCAN1,C2H2 ZF,Yes
ZKSCAN2,C2H2 ZF,Yes
ZKSCAN3,C2H2 ZF,Yes
ZKSCAN4,C2H2 ZF,Yes
ZKSCAN5,C2H2 ZF,Yes
ZKSCAN7,C2H2 ZF,Yes
ZKSCAN8,C2H2 ZF,Yes
ZMAT1,C2H2 ZF,Yes
ZMAT3,C2H2 ZF,No
ZMAT4,C2H2 ZF,Yes
ZNF10,C2H2 ZF,Yes
ZNF100,C2H2 ZF,Yes
ZNF101,C2H2 ZF,Yes
ZNF106,C2H2 ZF,No
ZNF107,C2H2 ZF,Yes
ZNF112,C2H2 ZF,Yes
ZNF114,C2H2 ZF,Yes
ZNF117,C2H2 ZF,Yes
ZNF12,C2H2 ZF,Yes
ZNF121,C2H2 ZF,Yes
ZNF124,C2H2 ZF,Yes
ZNF131,C2H2 ZF,Yes
ZNF132,C2H2 ZF,Yes
ZNF133,C2H2 ZF,Yes
ZNF134,C2H2 ZF,Yes
ZNF135,C2H2 ZF,Yes
ZNF136,C2H2 ZF,Yes
ZNF138,C2H2 ZF,Yes
ZNF14,C2H2 ZF,Yes
ZNF140,C2H2 ZF,Yes
ZNF141,C2H2 ZF,Yes
ZNF142,C2H2 ZF,Yes
ZNF143,C2H2 ZF,Yes
ZNF146,C2H2 ZF,Yes
ZNF148,C2H2 ZF,Yes
ZNF154,C2H2 ZF,Yes
ZNF155,C2H2 ZF,Yes
ZNF157,C2H2 ZF,Yes
ZNF16,C2H2 ZF,Yes
ZNF160,C2H2 ZF,Yes
ZNF165,C2H2 ZF,Yes
ZNF169,C2H2 ZF,Yes
ZNF17,C2H2 ZF,Yes
ZNF174,C2H2 ZF,Yes
ZNF175,C2H2 ZF,Yes
ZNF177,C2H2 ZF,Yes
ZNF18,C2H2 ZF,Yes
ZNF180,C2H2 ZF,Yes
ZNF181,C2H2 ZF,Yes
ZNF182,C2H2 ZF,Yes
ZNF184,C2H2 ZF,Yes
ZNF189,C2H2 ZF,Yes
ZNF19,C2H2 ZF,Yes
ZNF195,C2H2 ZF,Yes
ZNF197,C2H2 ZF,Yes
ZNF2,C2H2 ZF,Yes
ZNF20,C2H2 ZF,Yes
ZNF200,C2H2 ZF,Yes
ZNF202,C2H2 ZF,Yes
ZNF205,C2H2 ZF,Yes
ZNF207,C2H2 ZF,Yes
ZNF208,C2H2 ZF,Yes
ZNF211,C2H2 ZF,Yes
ZNF212,C2H2 ZF,Yes
ZNF213,C2H2 ZF,Yes
ZNF214,C2H2 ZF,Yes
ZNF215,C2H2 ZF,Yes
ZNF217,C2H2 ZF,Yes
ZNF219,C2H2 ZF,Yes
ZNF22,C2H2 ZF,Yes
ZNF221,C2H2 ZF,Yes
ZNF222,C2H2 ZF,Yes
ZNF223,C2H2 ZF,Yes
ZNF224,C2H2 ZF,Yes
ZNF225,C2H2 ZF,Yes
ZNF226,C2H2 ZF,Yes
ZNF227,C2H2 ZF,Yes
ZNF229,C2H2 ZF,Yes
ZNF23,C2H2 ZF,Yes
ZNF230,C2H2 ZF,Yes
ZNF232,C2H2 ZF,Yes
ZNF233,C2H2 ZF,Yes
ZNF234,C2H2 ZF,Yes
ZNF235,C2H2 ZF,Yes
ZNF236,C2H2 ZF,Yes
ZNF239,C2H2 ZF,Yes
ZNF24,C2H2 ZF,Yes
ZNF248,C2H2 ZF,Yes
ZNF25,C2H2 ZF,Yes
ZNF250,C2H2 ZF,Yes
ZNF251,C2H2 ZF,Yes
ZNF253,C2H2 ZF,Yes
ZNF254,C2H2 ZF,Yes
ZNF256,C2H2 ZF,Yes
ZNF257,C2H2 ZF,Yes
ZNF26,C2H2 ZF,Yes
ZNF260,C2H2 ZF,Yes
ZNF263,C2H2 ZF,Yes
ZNF264,C2H2 ZF,Yes
ZNF266,C2H2 ZF,Yes
ZNF267,C2H2 ZF,Yes
ZNF268,C2H2 ZF,Yes
ZNF273,C2H2 ZF,Yes
ZNF274,C2H2 ZF,Yes
ZNF275,C2H2 ZF,Yes
ZNF276,C2H2 ZF,Yes
ZNF28,C2H2 ZF,Yes
ZNF280A,C2H2 ZF,Yes
ZNF280B,C2H2 ZF,Yes
ZNF280C,C2H2 ZF,Yes
ZNF280D,C2H2 ZF,Yes
ZNF281,C2H2 ZF,Yes
ZNF282,C2H2 ZF,Yes
ZNF283,C2H2 ZF,Yes
ZNF284,C2H2 ZF,Yes
ZNF285,C2H2 ZF,Yes
ZNF286A,C2H2 ZF,Yes
ZNF286B,C2H2 ZF,Yes
ZNF287,C2H2 ZF,Yes
ZNF292,C2H2 ZF,Yes
ZNF296,C2H2 ZF,Yes
ZNF3,C2H2 ZF,Yes
ZNF30,C2H2 ZF,Yes
ZNF300,C2H2 ZF,Yes
ZNF302,C2H2 ZF,Yes
ZNF304,C2H2 ZF,Yes
ZNF311,C2H2 ZF,Yes
ZNF316,C2H2 ZF,Yes
ZNF317,C2H2 ZF,Yes
ZNF318,C2H2 ZF,Yes
ZNF319,C2H2 ZF,Yes
ZNF32,C2H2 ZF,Yes
ZNF320,C2H2 ZF,Yes
ZNF322,C2H2 ZF,Yes
ZNF324,C2H2 ZF,Yes
ZNF324B,C2H2 ZF,Yes
ZNF326,C2H2 ZF,Yes
ZNF329,C2H2 ZF,Yes
ZNF331,C2H2 ZF,Yes
ZNF333,C2H2 ZF,Yes
ZNF334,C2H2 ZF,Yes
ZNF335,C2H2 ZF,Yes
ZNF337,C2H2 ZF,Yes
ZNF33A,C2H2 ZF,Yes
ZNF33B,C2H2 ZF,Yes
ZNF34,C2H2 ZF,Yes
ZNF341,C2H2 ZF,Yes
ZNF343,C2H2 ZF,Yes
ZNF345,C2H2 ZF,Yes
ZNF346,C2H2 ZF,Yes
ZNF347,C2H2 ZF,Yes
ZNF35,C2H2 ZF,Yes
ZNF350,C2H2 ZF,Yes
ZNF354A,C2H2 ZF,Yes
ZNF354B,C2H2 ZF,Yes
ZNF354C,C2H2 ZF,Yes
ZNF355P,C2H2 ZF,No
ZNF358,C2H2 ZF,Yes
ZNF362,C2H2 ZF,Yes
ZNF365,C2H2 ZF,Yes
ZNF366,C2H2 ZF,Yes
ZNF367,C2H2 ZF,Yes
ZNF37A,C2H2 ZF,Yes
ZNF382,C2H2 ZF,Yes
ZNF383,C2H2 ZF,Yes
ZNF384,C2H2 ZF,Yes
ZNF385A,C2H2 ZF,Yes
ZNF385B,C2H2 ZF,Yes
ZNF385C,C2H2 ZF,Yes
ZNF385D,C2H2 ZF,Yes
ZNF391,C2H2 ZF,Yes
ZNF394,C2H2 ZF,Yes
ZNF395,C2H2 ZF,Yes
ZNF396,C2H2 ZF,Yes
ZNF397,C2H2 ZF,Yes
ZNF398,C2H2 ZF,Yes
ZNF404,C2H2 ZF,Yes
ZNF407,C2H2 ZF,Yes
ZNF408,C2H2 ZF,Yes
ZNF41,C2H2 ZF,Yes
ZNF410,C2H2 ZF,Yes
ZNF414,C2H2 ZF,Yes
ZNF415,C2H2 ZF,Yes
ZNF416,C2H2 ZF,Yes
ZNF417,C2H2 ZF,Yes
ZNF418,C2H2 ZF,Yes
ZNF419,C2H2 ZF,Yes
ZNF420,C2H2 ZF,Yes
ZNF423,C2H2 ZF,Yes
ZNF425,C2H2 ZF,Yes
ZNF426,C2H2 ZF,Yes
ZNF428,C2H2 ZF,Yes
ZNF429,C2H2 ZF,Yes
ZNF43,C2H2 ZF,Yes
ZNF430,C2H2 ZF,Yes
ZNF431,C2H2 ZF,Yes
ZNF432,C2H2 ZF,Yes
ZNF433,C2H2 ZF,Yes
ZNF436,C2H2 ZF,Yes
ZNF438,C2H2 ZF,Yes
ZNF439,C2H2 ZF,Yes
ZNF44,C2H2 ZF,Yes
ZNF440,C2H2 ZF,Yes
ZNF441,C2H2 ZF,Yes
ZNF442,C2H2 ZF,Yes
ZNF443,C2H2 ZF,Yes
ZNF444,C2H2 ZF,Yes
ZNF445,C2H2 ZF,Yes
ZNF446,C2H2 ZF,Yes
ZNF449,C2H2 ZF,Yes
ZNF45,C2H2 ZF,Yes
ZNF451,C2H2 ZF,Yes
ZNF454,C2H2 ZF,Yes
ZNF460,C2H2 ZF,Yes
ZNF461,C2H2 ZF,Yes
ZNF462,C2H2 ZF,Yes
ZNF467,C2H2 ZF,Yes
ZNF468,C2H2 ZF,Yes
ZNF469,C2H2 ZF,Yes
ZNF470,C2H2 ZF,Yes
ZNF471,C2H2 ZF,Yes
ZNF473,C2H2 ZF,Yes
ZNF474,C2H2 ZF,Yes
ZNF479,C2H2 ZF,Yes
ZNF48,C2H2 ZF,Yes
ZNF480,C2H2 ZF,Yes
ZNF483,C2H2 ZF,Yes
ZNF484,C2H2 ZF,Yes
ZNF485,C2H2 ZF,Yes
ZNF486,C2H2 ZF,Yes
ZNF487,C2H2 ZF,Yes
ZNF488,C2H2 ZF,Yes
ZNF490,C2H2 ZF,Yes
ZNF491,C2H2 ZF,Yes
ZNF492,C2H2 ZF,Yes
ZNF493,C2H2 ZF,Yes
ZNF496,C2H2 ZF,Yes
ZNF497,C2H2 ZF,Yes
ZNF500,C2H2 ZF,Yes
ZNF501,C2H2 ZF,Yes
ZNF502,C2H2 ZF,Yes
ZNF503,C2H2 ZF,Yes
ZNF506,C2H2 ZF,Yes
ZNF507,C2H2 ZF,Yes
ZNF510,C2H2 ZF,Yes
ZNF511,C2H2 ZF,Yes
ZNF512B,C2H2 ZF,Yes
ZNF513,C2H2 ZF,Yes
ZNF514,C2H2 ZF,Yes
ZNF516,C2H2 ZF,Yes
ZNF517,C2H2 ZF,Yes
ZNF518A,C2H2 ZF,Yes
ZNF518B,C2H2 ZF,Yes
ZNF519,C2H2 ZF,Yes
ZNF521,C2H2 ZF,Yes
ZNF525,C2H2 ZF,Yes
ZNF526,C2H2 ZF,Yes
ZNF527,C2H2 ZF,Yes
ZNF528,C2H2 ZF,Yes
ZNF529,C2H2 ZF,Yes
ZNF530,C2H2 ZF,Yes
ZNF532,C2H2 ZF,Yes
ZNF534,C2H2 ZF,Yes
ZNF536,C2H2 ZF,Yes
ZNF540,C2H2 ZF,Yes
ZNF542P,C2H2 ZF,No
ZNF543,C2H2 ZF,Yes
ZNF544,C2H2 ZF,Yes
ZNF546,C2H2 ZF,Yes
ZNF547,C2H2 ZF,Yes
ZNF548,C2H2 ZF,Yes
ZNF549,C2H2 ZF,Yes
ZNF550,C2H2 ZF,Yes
ZNF551,C2H2 ZF,Yes
ZNF552,C2H2 ZF,Yes
ZNF554,C2H2 ZF,Yes
ZNF555,C2H2 ZF,Yes
ZNF556,C2H2 ZF,Yes
ZNF557,C2H2 ZF,Yes
ZNF558,C2H2 ZF,Yes
ZNF559,C2H2 ZF,Yes
ZNF560,C2H2 ZF,Yes
ZNF561,C2H2 ZF,Yes
ZNF562,C2H2 ZF,Yes
ZNF563,C2H2 ZF,Yes
ZNF564,C2H2 ZF,Yes
ZNF565,C2H2 ZF,Yes
ZNF566,C2H2 ZF,Yes
ZNF567,C2H2 ZF,Yes
ZNF568,C2H2 ZF,Yes
ZNF569,C2H2 ZF,Yes
ZNF57,C2H2 ZF,Yes
ZNF570,C2H2 ZF,Yes
ZNF571,C2H2 ZF,Yes
ZNF572,C2H2 ZF,Yes
ZNF573,C2H2 ZF,Yes
ZNF574,C2H2 ZF,Yes
ZNF575,C2H2 ZF,Yes
ZNF576,C2H2 ZF,Yes
ZNF577,C2H2 ZF,Yes
ZNF578,C2H2 ZF,Yes
ZNF579,C2H2 ZF,Yes
ZNF580,C2H2 ZF,Yes
ZNF581,C2H2 ZF,Yes
ZNF582,C2H2 ZF,Yes
ZNF583,C2H2 ZF,Yes
ZNF584,C2H2 ZF,Yes
ZNF585A,C2H2 ZF,Yes
ZNF585B,C2H2 ZF,Yes
ZNF586,C2H2 ZF,Yes
ZNF587,C2H2 ZF,Yes
ZNF587B,C2H2 ZF,Yes
ZNF589,C2H2 ZF,Yes
ZNF592,C2H2 ZF,Yes
ZNF593,C2H2 ZF,No
ZNF594,C2H2 ZF,Yes
ZNF595,C2H2 ZF,Yes
ZNF596,C2H2 ZF,Yes
ZNF597,C2H2 ZF,Yes
ZNF598,C2H2 ZF,Yes
ZNF599,C2H2 ZF,Yes
ZNF600,C2H2 ZF,Yes
ZNF605,C2H2 ZF,Yes
ZNF606,C2H2 ZF,Yes
ZNF607,C2H2 ZF,Yes
ZNF608,C2H2 ZF,Yes
ZNF609,C2H2 ZF,Yes
ZNF610,C2H2 ZF,Yes
ZNF611,C2H2 ZF,Yes
ZNF613,C2H2 ZF,Yes
ZNF614,C2H2 ZF,Yes
ZNF615,C2H2 ZF,Yes
ZNF616,C2H2 ZF,Yes
ZNF618,C2H2 ZF,Yes
ZNF619,C2H2 ZF,Yes
ZNF620,C2H2 ZF,Yes
ZNF621,C2H2 ZF,Yes
ZNF622,C2H2 ZF,No
ZNF623,C2H2 ZF,Yes
ZNF624,C2H2 ZF,Yes
ZNF625,C2H2 ZF,Yes
ZNF626,C2H2 ZF,Yes
ZNF627,C2H2 ZF,Yes
ZNF628,C2H2 ZF,Yes
ZNF629,C2H2 ZF,Yes
ZNF630,C2H2 ZF,Yes
ZNF639,C2H2 ZF,Yes
ZNF641,C2H2 ZF,Yes
ZNF644,C2H2 ZF,Yes
ZNF645,C2H2 ZF,Yes
ZNF646,C2H2 ZF,Yes
ZNF648,C2H2 ZF,Yes
ZNF649,C2H2 ZF,Yes
ZNF652,C2H2 ZF,Yes
ZNF654,C2H2 ZF,Yes
ZNF655,C2H2 ZF,Yes
ZNF658,C2H2 ZF,Yes
ZNF66,C2H2 ZF,Yes
ZNF660,C2H2 ZF,Yes
ZNF662,C2H2 ZF,Yes
ZNF664,C2H2 ZF,Yes
ZNF665,C2H2 ZF,Yes
ZNF667,C2H2 ZF,Yes
ZNF668,C2H2 ZF,Yes
ZNF669,C2H2 ZF,Yes
ZNF670,C2H2 ZF,Yes
ZNF671,C2H2 ZF,Yes
ZNF672,C2H2 ZF,Yes
ZNF674,C2H2 ZF,Yes
ZNF675,C2H2 ZF,Yes
ZNF676,C2H2 ZF,Yes
ZNF677,C2H2 ZF,Yes
ZNF678,C2H2 ZF,Yes
ZNF679,C2H2 ZF,Yes
ZNF680,C2H2 ZF,Yes
ZNF681,C2H2 ZF,Yes
ZNF682,C2H2 ZF,Yes
ZNF683,C2H2 ZF,Yes
ZNF684,C2H2 ZF,Yes
ZNF687,C2H2 ZF,Yes
ZNF688,C2H2 ZF,Yes
ZNF689,C2H2 ZF,Yes
ZNF69,C2H2 ZF,Yes
ZNF691,C2H2 ZF,Yes
ZNF692,C2H2 ZF,Yes
ZNF695,C2H2 ZF,Yes
ZNF696,C2H2 ZF,Yes
ZNF697,C2H2 ZF,Yes
ZNF699,C2H2 ZF,Yes
ZNF7,C2H2 ZF,Yes
ZNF70,C2H2 ZF,Yes
ZNF700,C2H2 ZF,Yes
ZNF701,C2H2 ZF,Yes
ZNF703,C2H2 ZF,Yes
ZNF704,C2H2 ZF,Yes
ZNF705A,C2H2 ZF,Yes
ZNF705B,C2H2 ZF,Yes
ZNF705D,C2H2 ZF,Yes
ZNF705E,C2H2 ZF,Yes
ZNF705G,C2H2 ZF,Yes
ZNF706,C2H2 ZF,Yes
ZNF707,C2H2 ZF,Yes
ZNF708,C2H2 ZF,Yes
ZNF709,C2H2 ZF,Yes
ZNF71,C2H2 ZF,Yes
ZNF710,C2H2 ZF,Yes
ZNF711,C2H2 ZF,Yes
ZNF713,C2H2 ZF,Yes
ZNF714,C2H2 ZF,Yes
ZNF716,C2H2 ZF,Yes
ZNF717,C2H2 ZF,Yes
ZNF718,C2H2 ZF,Yes
ZNF721,C2H2 ZF,Yes
ZNF724,C2H2 ZF,Yes
ZNF726,C2H2 ZF,Yes
ZNF727,C2H2 ZF,Yes
ZNF728,C2H2 ZF,Yes
ZNF729,C2H2 ZF,Yes
ZNF73,C2H2 ZF,No
ZNF730,C2H2 ZF,Yes
ZNF732,C2H2 ZF,Yes
ZNF735,C2H2 ZF,Yes
ZNF736,C2H2 ZF,Yes
ZNF737,C2H2 ZF,Yes
ZNF74,C2H2 ZF,Yes
ZNF740,C2H2 ZF,Yes
ZNF746,C2H2 ZF,Yes
ZNF747,C2H2 ZF,Yes
ZNF749,C2H2 ZF,Yes
ZNF750,C2H2 ZF,Yes
ZNF75A,C2H2 ZF,Yes
ZNF75D,C2H2 ZF,Yes
ZNF76,C2H2 ZF,Yes
ZNF761,C2H2 ZF,Yes
ZNF763,C2H2 ZF,Yes
ZNF764,C2H2 ZF,Yes
ZNF765,C2H2 ZF,Yes
ZNF766,C2H2 ZF,Yes
ZNF768,C2H2 ZF,Yes
ZNF77,C2H2 ZF,Yes
ZNF770,C2H2 ZF,Yes
ZNF771,C2H2 ZF,Yes
ZNF772,C2H2 ZF,Yes
ZNF773,C2H2 ZF,Yes
ZNF774,C2H2 ZF,Yes
ZNF775,C2H2 ZF,Yes
ZNF776,C2H2 ZF,Yes
ZNF777,C2H2 ZF,Yes
ZNF778,C2H2 ZF,Yes
ZNF780A,C2H2 ZF,Yes
ZNF780B,C2H2 ZF,Yes
ZNF781,C2H2 ZF,Yes
ZNF782,C2H2 ZF,Yes
ZNF783,C2H2 ZF,Yes
ZNF784,C2H2 ZF,Yes
ZNF785,C2H2 ZF,Yes
ZNF786,C2H2 ZF,Yes
ZNF787,C2H2 ZF,Yes
ZNF788,C2H2 ZF,Yes
ZNF789,C2H2 ZF,Yes
ZNF79,C2H2 ZF,Yes
ZNF790,C2H2 ZF,Yes
ZNF791,C2H2 ZF,Yes
ZNF792,C2H2 ZF,Yes
ZNF793,C2H2 ZF,Yes
ZNF799,C2H2 ZF,Yes
ZNF8,C2H2 ZF,Yes
ZNF80,C2H2 ZF,Yes
ZNF800,C2H2 ZF,Yes
ZNF804A,C2H2 ZF,Yes
ZNF804B,C2H2 ZF,Yes
ZNF805,C2H2 ZF,Yes
ZNF808,C2H2 ZF,Yes
ZNF81,C2H2 ZF,Yes
ZNF812P,C2H2 ZF,No
ZNF813,C2H2 ZF,Yes
ZNF814,C2H2 ZF,Yes
ZNF816,C2H2 ZF,Yes
ZNF821,C2H2 ZF,Yes
ZNF823,C2H2 ZF,Yes
ZNF827,C2H2 ZF,Yes
ZNF829,C2H2 ZF,Yes
ZNF83,C2H2 ZF,Yes
ZNF830,C2H2 ZF,Yes
ZNF831,C2H2 ZF,Yes
ZNF835,C2H2 ZF,Yes
ZNF836,C2H2 ZF,Yes
ZNF837,C2H2 ZF,Yes
ZNF839,C2H2 ZF,No
ZNF84,C2H2 ZF,Yes
ZNF841,C2H2 ZF,Yes
ZNF843,C2H2 ZF,Yes
ZNF844,C2H2 ZF,Yes
ZNF845,C2H2 ZF,Yes
ZNF846,C2H2 ZF,Yes
ZNF85,C2H2 ZF,Yes
ZNF850,C2H2 ZF,Yes
ZNF852,C2H2 ZF,Yes
ZNF853,C2H2 ZF,Yes
ZNF860,C2H2 ZF,Yes
ZNF865,C2H2 ZF,Yes
ZNF878,C2H2 ZF,Yes
ZNF879,C2H2 ZF,Yes
ZNF880,C2H2 ZF,Yes
ZNF883,C2H2 ZF,Yes
ZNF888,C2H2 ZF,Yes
ZNF891,C2H2 ZF,Yes
ZNF90,C2H2 ZF,Yes
ZNF91,C2H2 ZF,Yes
ZNF92,C2H2 ZF,Yes
ZNF93,C2H2 ZF,Yes
ZNF98,C2H2 ZF,Yes
ZNF99,C2H2 ZF,Yes
ZSCAN1,C2H2 ZF,Yes
ZSCAN10,C2H2 ZF,Yes
ZSCAN12,C2H2 ZF,Yes
ZSCAN16,C2H2 ZF,Yes
ZSCAN18,C2H2 ZF,Yes
ZSCAN2,C2H2 ZF,Yes
ZSCAN20,C2H2 ZF,Yes
ZSCAN21,C2H2 ZF,Yes
ZSCAN22,C2H2 ZF,Yes
ZSCAN23,C2H2 ZF,Yes
ZSCAN25,C2H2 ZF,Yes
ZSCAN26,C2H2 ZF,Yes
ZSCAN29,C2H2 ZF,Yes
ZSCAN30,C2H2 ZF,Yes
ZSCAN31,C2H2 ZF,Yes
ZSCAN32,C2H2 ZF,Yes
ZSCAN4,C2H2 ZF,Yes
ZSCAN5A,C2H2 ZF,Yes
ZSCAN5B,C2H2 ZF,Yes
ZSCAN5C,C2H2 ZF,Yes
ZSCAN5DP,C2H2 ZF,No
ZSCAN9,C2H2 ZF,Yes
ZUFSP,C2H2 ZF,Yes
ZXDA,C2H2 ZF,Yes
ZXDB,C2H2 ZF,Yes
ZXDC,C2H2 ZF,Yes
PATZ1,C2H2 ZF; AT hook,Yes
ZBTB24,C2H2 ZF; AT hook,Yes
ZNF524,C2H2 ZF; AT hook,Yes
ZNF653,C2H2 ZF; AT hook,Yes
ZNF277,C2H2 ZF; BED ZF,Yes
ZNF512,C2H2 ZF; BED ZF,Yes
ZEB1,C2H2 ZF; Homeodomain,Yes
ZEB2,C2H2 ZF; Homeodomain,Yes
ZFHX3,C2H2 ZF; Homeodomain,Yes
ZFHX4,C2H2 ZF; Homeodomain,Yes
TRERF1,C2H2 ZF; Myb/SANT,Yes
ZNF541,C2H2 ZF; Myb/SANT,Yes
NFYA,CBF/NF-Y,Yes
CPSF4,CCCH ZF,No
CPSF4L,CCCH ZF,No
DHX57,CCCH ZF,No
DUS3L,CCCH ZF,No
HELZ,CCCH ZF,No
MBNL1,CCCH ZF,No
MBNL2,CCCH ZF,Yes
MBNL3,CCCH ZF,No
MKRN1,CCCH ZF,No
MKRN2,CCCH ZF,No
NUPL2,CCCH ZF,No
PARP12,CCCH ZF,No
PPP1R10,CCCH ZF,No
PRR3,CCCH ZF,No
RC3H1,CCCH ZF,No
RC3H2,CCCH ZF,No
RNF113A,CCCH ZF,No
RNF113B,CCCH ZF,No
TOE1,CCCH ZF,No
TRMT1,CCCH ZF,No
UNK,CCCH ZF,No
UNKL,CCCH ZF,No
ZC3H10,CCCH ZF,No
ZC3H11A,CCCH ZF,No
ZC3H12A,CCCH ZF,No
ZC3H13,CCCH ZF,No
ZC3H14,CCCH ZF,No
ZC3H15,CCCH ZF,No
ZC3H18,CCCH ZF,No
ZC3H3,CCCH ZF,No
ZC3H4,CCCH ZF,No
ZC3H6,CCCH ZF,No
ZC3H7A,CCCH ZF,No
ZC3H7B,CCCH ZF,No
ZC3H8,CCCH ZF,Yes
ZC3HAV1,CCCH ZF,No
ZFP36,CCCH ZF,No
ZFP36L1,CCCH ZF,No
ZFP36L2,CCCH ZF,No
ZGPAT,CCCH ZF,Yes
ZMAT5,CCCH ZF,No
ZRSR1,CCCH ZF,No
ZRSR2,CCCH ZF,No
CENPB,CENPB,Yes
CENPBD1,CENPB,Yes
JRK,CENPB,Yes
JRKL,CENPB,Yes
TIGD1,CENPB,Yes
TIGD2,CENPB,Yes
TIGD3,CENPB,Yes
TIGD4,CENPB,Yes
TIGD5,CENPB,Yes
TIGD6,CENPB,Yes
TIGD7,CENPB,Yes
CAMTA1,CG-1,Yes
CAMTA2,CG-1,Yes
CARHSP1,CSD,No
CSDC2,CSD,No
CSDE1,CSD,No
LIN28A,CSD,Yes
LIN28B,CSD,Yes
YBX1,CSD,Yes
YBX2,CSD,Yes
YBX3,CSD,Yes
RBPJ,CSL,Yes
RBPJL,CSL,Yes
CUX1,CUT; Homeodomain,Yes
CUX2,CUT; Homeodomain,Yes
ONECUT1,CUT; Homeodomain,Yes
ONECUT2,CUT; Homeodomain,Yes
ONECUT3,CUT; Homeodomain,Yes
SATB1,CUT; Homeodomain,Yes
SATB2,CUT; Homeodomain,Yes
CXXC1,CxxC,Yes
CXXC4,CxxC,Yes
CXXC5,CxxC,Yes
DNMT1,CxxC,Yes
FBXL19,CxxC,Yes
KDM2A,CxxC,Yes
KDM2B,CxxC,Yes
TET1,CxxC,Yes
TET3,CxxC,Yes
KMT2A,CxxC; AT hook,Yes
KMT2B,CxxC; AT hook,Yes
DMRT1,DM,Yes
DMRT2,DM,Yes
DMRT3,DM,Yes
DMRTA1,DM,Yes
DMRTA2,DM,Yes
DMRTB1,DM,Yes
DMRTC2,DM,Yes
E2F1,E2F,Yes
E2F2,E2F,Yes
E2F3,E2F,Yes
E2F4,E2F,Yes
E2F5,E2F,Yes
E2F6,E2F,Yes
E2F7,E2F,Yes
E2F8,E2F,Yes
TFDP1,E2F,Yes
TFDP2,E2F,Yes
TFDP3,E2F,Yes
EBF1,EBF1,Yes
EBF2,EBF1,Yes
EBF3,EBF1,Yes
EBF4,EBF1,Yes
EHF,Ets,Yes
ELF1,Ets,Yes
ELF2,Ets,Yes
ELF4,Ets,Yes
ELF5,Ets,Yes
ELK1,Ets,Yes
ELK3,Ets,Yes
ELK4,Ets,Yes
ERF,Ets,Yes
ERG,Ets,Yes
ETS1,Ets,Yes
ETS2,Ets,Yes
ETV1,Ets,Yes
ETV2,Ets,Yes
ETV3,Ets,Yes
ETV3L,Ets,Yes
ETV4,Ets,Yes
ETV5,Ets,Yes
ETV6,Ets,Yes
ETV7,Ets,Yes
FEV,Ets,Yes
FLI1,Ets,Yes
GABPA,Ets,Yes
SPDEF,Ets,Yes
SPI1,Ets,Yes
SPIB,Ets,Yes
SPIC,Ets,Yes
ELF3,Ets; AT hook,Yes
FLYWCH1,FLYWCH,Yes
FOXA1,Forkhead,Yes
FOXA2,Forkhead,Yes
FOXA3,Forkhead,Yes
FOXB1,Forkhead,Yes
FOXB2,Forkhead,Yes
FOXC1,Forkhead,Yes
FOXC2,Forkhead,Yes
FOXD1,Forkhead,Yes
FOXD2,Forkhead,Yes
FOXD3,Forkhead,Yes
FOXD4,Forkhead,Yes
FOXD4L1,Forkhead,Yes
FOXD4L2,Forkhead,No
FOXD4L3,Forkhead,Yes
FOXD4L4,Forkhead,Yes
FOXD4L5,Forkhead,Yes
FOXD4L6,Forkhead,Yes
FOXE1,Forkhead,Yes
FOXE3,Forkhead,Yes
FOXF1,Forkhead,Yes
FOXF2,Forkhead,Yes
FOXG1,Forkhead,Yes
FOXH1,Forkhead,Yes
FOXI1,Forkhead,Yes
FOXI2,Forkhead,Yes
FOXI3,Forkhead,Yes
FOXJ1,Forkhead,Yes
FOXJ2,Forkhead,Yes
FOXJ3,Forkhead,Yes
FOXK1,Forkhead,Yes
FOXK2,Forkhead,Yes
FOXL1,Forkhead,Yes
FOXL2,Forkhead,Yes
FOXM1,Forkhead,Yes
FOXN1,Forkhead,Yes
FOXN2,Forkhead,Yes
FOXN3,Forkhead,Yes
FOXN4,Forkhead,Yes
FOXO1,Forkhead,Yes
FOXO3,Forkhead,Yes
FOXO4,Forkhead,Yes
FOXO6,Forkhead,Yes
FOXP1,Forkhead,Yes
FOXP2,Forkhead,Yes
FOXP3,Forkhead,Yes
FOXP4,Forkhead,Yes
FOXQ1,Forkhead,Yes
FOXR1,Forkhead,Yes
FOXR2,Forkhead,Yes
FOXS1,Forkhead,Yes
ZFYVE26,FYVE-type ZF,No
GATA1,GATA,Yes
GATA2,GATA,Yes
GATA3,GATA,Yes
GATA4,GATA,Yes
GATA5,GATA,Yes
GATA6,GATA,Yes
GATAD1,GATA,No
GATAD2A,GATA,Yes
GATAD2B,GATA,Yes
TRPS1,GATA,Yes
ZGLP1,GATA,Yes
GCM1,GCM,Yes
GCM2,GCM,Yes
GRHL1,Grainyhead,Yes
GRHL2,Grainyhead,Yes
GRHL3,Grainyhead,Yes
TFCP2,Grainyhead,Yes
TFCP2L1,Grainyhead,Yes
UBP1,Grainyhead,Yes
GTF2I,GTF2I-like,Yes
GTF2IRD1,GTF2I-like,Yes
GTF2IRD2,GTF2I-like,Yes
GTF2IRD2B,GTF2I-like,Yes
AC105001.2,HMG/Sox,No
BBX,HMG/Sox,Yes
CCDC124,HMG/Sox,No
CHD3,HMG/Sox,No
CHD4,HMG/Sox,No
CIC,HMG/Sox,Yes
HBP1,HMG/Sox,Yes
HMG20A,HMG/Sox,Yes
HMG20B,HMG/Sox,Yes
HMGB1,HMG/Sox,No
HMGB2,HMG/Sox,No
HMGB3,HMG/Sox,No
HMGB4,HMG/Sox,No
HMGN1,HMG/Sox,No
HMGN3,HMG/Sox,Yes
HMGXB3,HMG/Sox,No
HMGXB4,HMG/Sox,No
KMT2C,HMG/Sox,No
KMT2D,HMG/Sox,No
LEF1,HMG/Sox,Yes
MAEL,HMG/Sox,No
NSD2,HMG/Sox,No
PBRM1,HMG/Sox,No
PMS1,HMG/Sox,No
SMARCE1,HMG/Sox,No
SOX1,HMG/Sox,Yes
SOX10,HMG/Sox,Yes
SOX11,HMG/Sox,Yes
SOX12,HMG/Sox,Yes
SOX13,HMG/Sox,Yes
SOX14,HMG/Sox,Yes
SOX15,HMG/Sox,Yes
SOX17,HMG/Sox,Yes
SOX18,HMG/Sox,Yes
SOX2,HMG/Sox,Yes
SOX21,HMG/Sox,Yes
SOX3,HMG/Sox,Yes
SOX30,HMG/Sox,Yes
SOX4,HMG/Sox,Yes
SOX5,HMG/Sox,Yes
SOX6,HMG/Sox,Yes
SOX7,HMG/Sox,Yes
SOX8,HMG/Sox,Yes
SOX9,HMG/Sox,Yes
SRY,HMG/Sox,Yes
SSRP1,HMG/Sox,No
TCF7,HMG/Sox,Yes
TCF7L1,HMG/Sox,Yes
TCF7L2,HMG/Sox,Yes
TFAM,HMG/Sox,No
TOX,HMG/Sox,No
TOX2,HMG/Sox,No
TOX3,HMG/Sox,No
TOX4,HMG/Sox,No
UBTF,HMG/Sox,No
UBTFL1,HMG/Sox,No
WDHD1,HMG/Sox,No
BHMG1,HMG/Sox; bHLH,No
ADNP,Homeodomain,Yes
ADNP2,Homeodomain,Yes
ALX1,Homeodomain,Yes
ALX3,Homeodomain,Yes
ALX4,Homeodomain,Yes
ANHX,Homeodomain,Yes
ARGFX,Homeodomain,Yes
ARX,Homeodomain,Yes
BARHL1,Homeodomain,Yes
BARHL2,Homeodomain,Yes
BARX1,Homeodomain,Yes
BARX2,Homeodomain,Yes
BSX,Homeodomain,Yes
CDX1,Homeodomain,Yes
CDX2,Homeodomain,Yes
CDX4,Homeodomain,Yes
CERS2,Homeodomain,No
CERS3,Homeodomain,No
CERS4,Homeodomain,No
CERS5,Homeodomain,No
CERS6,Homeodomain,No
CRX,Homeodomain,Yes
DBX1,Homeodomain,Yes
DBX2,Homeodomain,Yes
DLX1,Homeodomain,Yes
DLX2,Homeodomain,Yes
DLX3,Homeodomain,Yes
DLX4,Homeodomain,Yes
DLX5,Homeodomain,Yes
DLX6,Homeodomain,Yes
DMBX1,Homeodomain,Yes
DPRX,Homeodomain,Yes
DRGX,Homeodomain,Yes
DUX1,Homeodomain,Yes
DUX3,Homeodomain,Yes
DUX4,Homeodomain,Yes
DUXA,Homeodomain,Yes
EMX1,Homeodomain,Yes
EMX2,Homeodomain,Yes
EN1,Homeodomain,Yes
EN2,Homeodomain,Yes
ESX1,Homeodomain,Yes
EVX1,Homeodomain,Yes
EVX2,Homeodomain,Yes
GBX1,Homeodomain,Yes
GBX2,Homeodomain,Yes
GSC,Homeodomain,Yes
GSC2,Homeodomain,Yes
GSX1,Homeodomain,Yes
GSX2,Homeodomain,Yes
HDX,Homeodomain,Yes
HESX1,Homeodomain,Yes
HHEX,Homeodomain,Yes
HLX,Homeodomain,Yes
HMBOX1,Homeodomain,Yes
HMX1,Homeodomain,Yes
HMX2,Homeodomain,Yes
HMX3,Homeodomain,Yes
HNF1A,Homeodomain,Yes
HNF1B,Homeodomain,Yes
HOMEZ,Homeodomain,Yes
HOPX,Homeodomain,No
HOXA1,Homeodomain,Yes
HOXA10,Homeodomain,Yes
HOXA11,Homeodomain,Yes
HOXA13,Homeodomain,Yes
HOXA2,Homeodomain,Yes
HOXA3,Homeodomain,Yes
HOXA4,Homeodomain,Yes
HOXA5,Homeodomain,Yes
HOXA6,Homeodomain,Yes
HOXA7,Homeodomain,Yes
HOXA9,Homeodomain,Yes
HOXB1,Homeodomain,Yes
HOXB13,Homeodomain,Yes
HOXB2,Homeodomain,Yes
HOXB3,Homeodomain,Yes
HOXB4,Homeodomain,Yes
HOXB5,Homeodomain,Yes
HOXB6,Homeodomain,Yes
HOXB7,Homeodomain,Yes
HOXB8,Homeodomain,Yes
HOXB9,Homeodomain,Yes
HOXC10,Homeodomain,Yes
HOXC11,Homeodomain,Yes
HOXC12,Homeodomain,Yes
HOXC13,Homeodomain,Yes
HOXC4,Homeodomain,Yes
HOXC5,Homeodomain,Yes
HOXC6,Homeodomain,Yes
HOXC8,Homeodomain,Yes
HOXC9,Homeodomain,Yes
HOXD1,Homeodomain,Yes
HOXD10,Homeodomain,Yes
HOXD11,Homeodomain,Yes
HOXD12,Homeodomain,Yes
HOXD13,Homeodomain,Yes
HOXD3,Homeodomain,Yes
HOXD4,Homeodomain,Yes
HOXD8,Homeodomain,Yes
HOXD9,Homeodomain,Yes
IRX1,Homeodomain,Yes
IRX2,Homeodomain,Yes
IRX3,Homeodomain,Yes
IRX4,Homeodomain,Yes
IRX5,Homeodomain,Yes
IRX6,Homeodomain,Yes
ISL1,Homeodomain,Yes
ISL2,Homeodomain,Yes
ISX,Homeodomain,Yes
LBX1,Homeodomain,Yes
LBX2,Homeodomain,Yes
LEUTX,Homeodomain,Yes
LHX1,Homeodomain,Yes
LHX2,Homeodomain,Yes
LHX3,Homeodomain,Yes
LHX4,Homeodomain,Yes
LHX5,Homeodomain,Yes
LHX6,Homeodomain,Yes
LHX8,Homeodomain,Yes
LHX9,Homeodomain,Yes
LMX1A,Homeodomain,Yes
LMX1B,Homeodomain,Yes
MEIS1,Homeodomain,Yes
MEIS2,Homeodomain,Yes
MEIS3,Homeodomain,Yes
MEOX1,Homeodomain,Yes
MEOX2,Homeodomain,Yes
MIXL1,Homeodomain,Yes
MKX,Homeodomain,Yes
MNX1,Homeodomain,Yes
MSX1,Homeodomain,Yes
MSX2,Homeodomain,Yes
NANOG,Homeodomain,Yes
NANOGNB,Homeodomain,Yes
NANOGP8,Homeodomain,Yes
NKX1-1,Homeodomain,Yes
NKX1-2,Homeodomain,Yes
NKX2-1,Homeodomain,Yes
NKX2-2,Homeodomain,Yes
NKX2-3,Homeodomain,Yes
NKX2-4,Homeodomain,Yes
NKX2-5,Homeodomain,Yes
NKX2-6,Homeodomain,Yes
NKX2-8,Homeodomain,Yes
NKX3-1,Homeodomain,Yes
NKX3-2,Homeodomain,Yes
NKX6-1,Homeodomain,Yes
NKX6-2,Homeodomain,Yes
NKX6-3,Homeodomain,Yes
NOBOX,Homeodomain,Yes
NOTO,Homeodomain,Yes
OTP,Homeodomain,Yes
OTX1,Homeodomain,Yes
OTX2,Homeodomain,Yes
PBX1,Homeodomain,Yes
PBX2,Homeodomain,Yes
PBX3,Homeodomain,Yes
PBX4,Homeodomain,Yes
PDX1,Homeodomain,Yes
PHOX2A,Homeodomain,Yes
PHOX2B,Homeodomain,Yes
PITX1,Homeodomain,Yes
PITX2,Homeodomain,Yes
PITX3,Homeodomain,Yes
PKNOX1,Homeodomain,Yes
PKNOX2,Homeodomain,Yes
PROP1,Homeodomain,Yes
PRRX1,Homeodomain,Yes
PRRX2,Homeodomain,Yes
RAX,Homeodomain,Yes
RAX2,Homeodomain,Yes
RHOXF1,Homeodomain,Yes
RHOXF2,Homeodomain,Yes
RHOXF2B,Homeodomain,Yes
SEBOX,Homeodomain,Yes
SHOX,Homeodomain,Yes
SHOX2,Homeodomain,Yes
SIX1,Homeodomain,Yes
SIX2,Homeodomain,Yes
SIX3,Homeodomain,Yes
SIX4,Homeodomain,Yes
SIX5,Homeodomain,Yes
SIX6,Homeodomain,Yes
TGIF1,Homeodomain,Yes
TGIF2,Homeodomain,Yes
TGIF2LX,Homeodomain,Yes
TGIF2LY,Homeodomain,Yes
TLX1,Homeodomain,Yes
TLX2,Homeodomain,Yes
TLX3,Homeodomain,Yes
TPRX1,Homeodomain,Yes
UNCX,Homeodomain,Yes
VAX1,Homeodomain,Yes
VAX2,Homeodomain,Yes
VENTX,Homeodomain,Yes
VSX1,Homeodomain,Yes
VSX2,Homeodomain,Yes
ZFHX2,Homeodomain,Yes
ZHX1,Homeodomain,Yes
ZHX2,Homeodomain,Yes
ZHX3,Homeodomain,Yes
PAX2,Homeodomain; Paired box,Yes
PAX3,Homeodomain; Paired box,Yes
PAX4,Homeodomain; Paired box,Yes
PAX6,Homeodomain; Paired box,Yes
PAX7,Homeodomain; Paired box,Yes
POU1F1,Homeodomain; POU,Yes
POU2F1,Homeodomain; POU,Yes
POU2F2,Homeodomain; POU,Yes
POU2F3,Homeodomain; POU,Yes
POU3F1,Homeodomain; POU,Yes
POU3F2,Homeodomain; POU,Yes
POU3F3,Homeodomain; POU,Yes
POU3F4,Homeodomain; POU,Yes
POU4F1,Homeodomain; POU,Yes
POU4F2,Homeodomain; POU,Yes
POU4F3,Homeodomain; POU,Yes
POU5F1,Homeodomain; POU,Yes
POU5F1B,Homeodomain; POU,Yes
POU5F2,Homeodomain; POU,Yes
POU6F1,Homeodomain; POU,Yes
POU6F2,Homeodomain; POU,Yes
HSF1,HSF,Yes
HSF2,HSF,Yes
HSF4,HSF,Yes
HSF5,HSF,Yes
HSFX1,HSF,Yes
HSFX2,HSF,Yes
HSFY1,HSF,Yes
HSFY2,HSF,Yes
IRF1,IRF,Yes
IRF2,IRF,Yes
IRF3,IRF,Yes
IRF4,IRF,Yes
IRF5,IRF,Yes
IRF6,IRF,Yes
IRF7,IRF,Yes
IRF8,IRF,Yes
IRF9,IRF,Yes
LYAR,LYAR-type C2H2 ZF,No
MSANTD1,MADF,Yes
MSANTD3,MADF,Yes
NAIF1,MADF,Yes
BORCS8-MEF2B,MADS box,Yes
MEF2A,MADS box,Yes
MEF2B,MADS box,Yes
MEF2C,MADS box,Yes
MEF2D,MADS box,Yes
SRF,MADS box,Yes
BAZ2B,MBD,Yes
MBD2,MBD,Yes
MBD3,MBD,Yes
MBD4,MBD,Yes
MBD6,MBD,Yes
PIN1,MBD,Yes
SETDB1,MBD,Yes
SETDB2,MBD,Yes
BAZ2A,MBD; AT hook,Yes
MECP2,MBD; AT hook,Yes
MBD1,MBD; CxxC ZF,Yes
MTERF1,mTERF,Yes
MTERF2,mTERF,Yes
MTERF3,mTERF,Yes
MTERF4,mTERF,Yes
NEB,mTERF,No
C17orf49,Myb/SANT,No
CDC5L,Myb/SANT,Yes
CHD2,Myb/SANT,No
CRAMP1,Myb/SANT,No
DMTF1,Myb/SANT,Yes
DNAJC1,Myb/SANT,No
DNAJC2,Myb/SANT,No
ELMSAN1,Myb/SANT,No
KIAA1841,Myb/SANT,No
MIER1,Myb/SANT,No
MIER2,Myb/SANT,No
MIER3,Myb/SANT,No
MIS18BP1,Myb/SANT,No
MSANTD4,Myb/SANT,Yes
MYB,Myb/SANT,Yes
MYBL1,Myb/SANT,Yes
MYBL2,Myb/SANT,Yes
MYPOP,Myb/SANT,Yes
MYSM1,Myb/SANT,Yes
NCOR1,Myb/SANT,No
NCOR2,Myb/SANT,No
PRDM11,Myb/SANT,No
RCOR1,Myb/SANT,No
RCOR2,Myb/SANT,No
RCOR3,Myb/SANT,No
SMARCA1,Myb/SANT,No
SMARCA5,Myb/SANT,No
SMARCC1,Myb/SANT,No
SMARCC2,Myb/SANT,No
SNAPC4,Myb/SANT,Yes
TADA2A,Myb/SANT,No
TADA2B,Myb/SANT,No
TERB1,Myb/SANT,Yes
TERF1,Myb/SANT,Yes
TERF2,Myb/SANT,Yes
TERF2IP,Myb/SANT,No
TTF1,Myb/SANT,Yes
ZZZ3,Myb/SANT,Yes
MTA1,Myb/SANT; GATA,No
MTA2,Myb/SANT; GATA,No
MTA3,Myb/SANT; GATA,No
RERE,Myb/SANT; GATA,No
ZMYM1,MYM-type ZF,No
ZMYM2,MYM-type ZF,No
ZMYM3,MYM-type ZF,No
ZMYM4,MYM-type ZF,No
ZMYM5,MYM-type ZF,No
ZMYM6,MYM-type ZF,No
ZMYND10,MYND-type ZF,No
MYRF,Ndt80/PhoG,Yes
MYRFL,Ndt80/PhoG,Yes
NFX1,NFX,Yes
NFXL1,NFX,Yes
ZNF330,NOA36-type ZF,No
AR,Nuclear receptor,Yes
ESR1,Nuclear receptor,Yes
ESR2,Nuclear receptor,Yes
ESRRA,Nuclear receptor,Yes
ESRRB,Nuclear receptor,Yes
ESRRG,Nuclear receptor,Yes
HNF4A,Nuclear receptor,Yes
HNF4G,Nuclear receptor,Yes
NR0B1,Unknown,Yes
NR1D1,Nuclear receptor,Yes
NR1D2,Nuclear receptor,Yes
NR1H2,Nuclear receptor,Yes
NR1H3,Nuclear receptor,Yes
NR1H4,Nuclear receptor,Yes
NR1I2,Nuclear receptor,Yes
NR1I3,Nuclear receptor,Yes
NR2C1,Nuclear receptor,Yes
NR2C2,Nuclear receptor,Yes
NR2E1,Nuclear receptor,Yes
NR2E3,Nuclear receptor,Yes
NR2F1,Nuclear receptor,Yes
NR2F2,Nuclear receptor,Yes
NR2F6,Nuclear receptor,Yes
NR3C1,Nuclear receptor,Yes
NR3C2,Nuclear receptor,Yes
NR4A1,Nuclear receptor,Yes
NR4A2,Nuclear receptor,Yes
NR4A3,Nuclear receptor,Yes
NR5A1,Nuclear receptor,Yes
NR5A2,Nuclear receptor,Yes
NR6A1,Nuclear receptor,Yes
PGR,Nuclear receptor,Yes
PPARA,Nuclear receptor,Yes
PPARD,Nuclear receptor,Yes
PPARG,Nuclear receptor,Yes
RARA,Nuclear receptor,Yes
RARB,Nuclear receptor,Yes
RARG,Nuclear receptor,Yes
RORA,Nuclear receptor,Yes
RORB,Nuclear receptor,Yes
RORC,Nuclear receptor,Yes
RXRA,Nuclear receptor,Yes
RXRB,Nuclear receptor,Yes
RXRG,Nuclear receptor,Yes
THRA,Nuclear receptor,Yes
THRB,Nuclear receptor,Yes
VDR,Nuclear receptor,Yes
AATF,Unknown,No
ABL1,Unknown,No
ABRA,Unknown,No
AC020915.1,Unknown,No
ACOD1,Unknown,No
ACTR3B,Unknown,No
ACTR3C,Unknown,No
ADAM8,Unknown,No
ADAMTS17,Unknown,No
ADAMTS19,Unknown,No
ADAR,Unknown,No
ADGRA1,Unknown,No
ADGRG3,Unknown,No
AEBP1,Unknown,Yes
AES,Unknown,No
AFAP1 ,Unknown,No
AFF1,Unknown,No
AFF3,Unknown,No
AFF4,Unknown,No
AGER,Unknown,No
AGT,Unknown,No
AIM2,Unknown,No
AKT1,Unknown,No
ALK,Unknown,No
ALKBH2,Unknown,No
AMH,Unknown,No
ANAPC2,Unknown,No
ANKRD30A,Unknown,No
ANXA3,Unknown,No
ANXA4,Unknown,No
AP5Z1,Unknown,No
APBB3,Unknown,No
APEX1,Unknown,No
APOBEC3A,Unknown,No
APOBEC3B,Unknown,No
APOBEC3G,Unknown,No
APTX,Unknown,No
ARHGAP35,Unknown,Yes
ARHGEF2,Unknown,No
ARHGEF5,Unknown,No
ARRB1,Unknown,No
ARRB2,Unknown,No
ASCC1,Unknown,No
ATF7IP,Unknown,No
ATM,Unknown,No
ATR,Unknown,No
ATRX,Unknown,No
ATXN7,Unknown,No
BAG1,Unknown,No
BANF1,Unknown,No
BANP,Unknown,No
BCL10,Unknown,No
BCL3,Unknown,No
BCLAF1,Unknown,No
BCOR,Unknown,No
BDP1,Unknown,No
BEX1,Unknown,No
BIN1,Unknown,No
BLM,Unknown,No
BLZF1,Unknown,No
BMI1,Unknown,No
BMP2,Unknown,No
BMP4,Unknown,No
BMP7,Unknown,No
BMPR1A,Unknown,No
BOD1L1,Unknown,No
BOLA1,Unknown,No
BOLA2,Unknown,No
BOLA2B,Unknown,No
BOLA3,Unknown,No
BPNT1,Unknown,No
BPTF,Unknown,Yes
BRCA1,Unknown,No
BRD4,Unknown,No
BRD7,Unknown,No
BRD8,Unknown,No
BRD9,Unknown,No
BRF1,Unknown,No
BRF2,Unknown,Yes
BRMS1,Unknown,No
BRPF1,Unknown,No
BTAF1,Unknown,No
BTBD8,Unknown,No
BTG2,Unknown,No
BTK,Unknown,No
BTRC,Unknown,No
BUD31,Unknown,No
C14orf39,Unknown,No
C1D,Unknown,No
C20orf194,Unknown,No
C3orf33,Unknown,No
CACTIN,Unknown,No
CAMK1D,Unknown,No
CAMK2A,Unknown,No
CAPN15,Unknown,No
CAPN3,Unknown,No
CARD11,Unknown,No
CARD14,Unknown,No
CARF,Unknown,Yes
CASP8AP2,Unknown,No
CAT,Unknown,No
CBFA2T2,Unknown,No
CBFA2T3,Unknown,No
CBFB,Unknown,No
CBL,Unknown,No
CBLL1,Unknown,No
CC2D1A,Unknown,Yes
CC2D1B,Unknown,No
CCDC71,Unknown,No
CCNT1,Unknown,No
CCNT2,Unknown,No
CD36,Unknown,No
CD40,Unknown,No
CD40LG,Unknown,No
CDC6,Unknown,No
CDK5RAP3,Unknown,No
CDK7,Unknown,No
CDK8,Unknown,No
CDK9,Unknown,No
CDKN1A,Unknown,No
CDKN2A,Unknown,No
CEBPZ,Unknown,Yes
CELF3,Unknown,No
CENPA,Unknown,Yes
CENPS,Unknown,Yes
CENPT,Unknown,Yes
CENPX,Unknown,Yes
CFLAR,Unknown,No
CGGBP1,Unknown,Yes
CHCHD3,Unknown,Yes
CHD1,Unknown,No
CHD6,Unknown,No
CHD7,Unknown,No
CHD9,Unknown,No
CHP1,Unknown,No
CHRAC1,Unknown,No
CHUK,Unknown,No
CHURC1,Unknown,No
CIB1,Unknown,No
CIITA,Unknown,No
CIR1,Unknown,No
CITED1,Unknown,No
CITED2,Unknown,No
CITED4,Unknown,No
CIZ1,Unknown,No
CLU,Unknown,No
CMKLR1,Unknown,No
CNBP,Unknown,No
CNOT3,Unknown,No
CNOT4,Unknown,No
CNOT7,Unknown,No
CNOT8,Unknown,No
COMMD1,Unknown,No
COMMD6,Unknown,No
COMMD7,Unknown,No
COPS2,Unknown,No
COPS3,Unknown,No
COPS4,Unknown,No
CPEB1,Unknown,Yes
CREBBP,Unknown,No
CREG1,Unknown,No
CRTC1,Unknown,No
CRTC2,Unknown,No
CRTC3,Unknown,No
CSRNP1,Unknown,Yes
CSRNP2,Unknown,Yes
CSRNP3,Unknown,Yes
CTBP1,Unknown,No
CTBP2,Unknown,No
CTH,Unknown,No
CTNNB1,Unknown,No
CTNNBIP1,Unknown,No
CUL1,Unknown,No
CUL2,Unknown,No
CUL3,Unknown,No
CUL4A,Unknown,No
CUL4B,Unknown,No
CUL5,Unknown,No
CYLD,Unknown,No
CYP1B1,Unknown,No
CYTL1,Unknown,No
DAB2IP,Unknown,No
DACH1,Unknown,Yes
DACH2,Unknown,Yes
DAP,Unknown,No
DAXX,Unknown,No
DCP1A,Unknown,No
DDB1,Unknown,No
DDB2,Unknown,No
DDN,Unknown,No
DDR2,Unknown,No
DDRGK1,Unknown,No
DDX3X,Unknown,No
DDX5,Unknown,No
DDX58,Unknown,No
DEK,Unknown,No
DEPDC1,Unknown,No
DEPDC1B,Unknown,No
DEPDC4,Unknown,No
DEPDC5,Unknown,No
DEPDC7,Unknown,No
DEPTOR,Unknown,No
DHX34,Unknown,No
DHX36,Unknown,No
DISP3,Unknown,No
DMAP1,Unknown,No
DMC1,Unknown,No
DMRTC1,Unknown,No
DNA2,Unknown,No
DNAJA3,Unknown,No
DNAJC21,Unknown,No
DNMT3A,Unknown,No
DNMT3B,Unknown,No
DNMT3L,Unknown,No
DNTT,Unknown,No
DPF2,Unknown,No
DR1,Unknown,Yes
DRAP1,Unknown,Yes
DSP,Unknown,No
DTX1,Unknown,No
DUSP12,Unknown,No
DVL1,Unknown,No
DVL2,Unknown,No
DVL3,Unknown,No
DZIP1L,Unknown,No
EAF2,Unknown,No
EDA,Unknown,No
EDA2R,Unknown,No
EDF1,Unknown,No
EDN1,Unknown,No
EED,Unknown,No
EGLN1,Unknown,No
EID1,Unknown,No
EID2,Unknown,No
EIF2AK2,Unknown,No
EIF2AK4,Unknown,No
EIF3C,Unknown,No
EIF3CL,Unknown,No
EIF3K,Unknown,No
EME1,Unknown,No
ENO1,Unknown,No
EP300,Unknown,No
EP400,Unknown,No
EPHA5,Unknown,No
EPM2AIP1,Unknown,No
ERBIN,Unknown,No
ERC1,Unknown,No
ERCC3,Unknown,No
ERCC4,Unknown,No
EWSR1,Unknown,No
EXO1,Unknown,No
EXOC2,Unknown,No
EXOG,Unknown,No
EZH1,Unknown,No
EZH2,Unknown,No
FAAP24,Unknown,No
FAM153C,Unknown,No
FAM171B,Unknown,No
FAM200A,Unknown,No
FAN1,Unknown,No
FANCA,Unknown,No
FANCD2,Unknown,No
FANK1,Unknown,No
FARSA,Unknown,No
FARSB,Unknown,No
FBN1,Unknown,No
FBXO41,Unknown,No
FEN1,Unknown,No
FER,Unknown,No
FGD1,Unknown,No
FHL2,Unknown,No
FLNA,Unknown,No
FMNL2,Unknown,No
FUBP1,Unknown,No
FUBP3,Unknown,No
FUS,Unknown,No
FZD1,Unknown,No
FZD2,Unknown,No
FZD4,Unknown,No
FZD6,Unknown,No
GABPB1,Unknown,No
GABPB2,Unknown,No
GADD45A,Unknown,No
GAS6,Unknown,No
GAS7,Unknown,No
GCFC2,Unknown,No
GEN1,Unknown,No
GLMP,Unknown,Yes
GOLGB1,Unknown,No
GON4L,Unknown,No
GPATCH8,Unknown,No
GPBP1,Unknown,Yes
GPBP1L1,Unknown,Yes
GPER1,Unknown,No
GPR155,Unknown,No
GREM1,Unknown,No
GRM6,Unknown,No
GTF2A1,Unknown,No
GTF2A1L,Unknown,No
GTF2A2,Unknown,No
GTF2B,Unknown,Yes
GTF2E2,Unknown,No
GTF2F1,Unknown,No
GTF2F2,Unknown,No
GTF2H1,Unknown,No
GTF2H2,Unknown,No
GTF2H2C,Unknown,No
GTF2H3,Unknown,No
GTF2H4,Unknown,No
GTF3C1,Unknown,No
GTF3C2,Unknown,No
H1F0,Unknown,No
H1FOO,Unknown,No
H1FX,Unknown,No
HAVCR2,Unknown,No
HCFC1,Unknown,No
HCK,Unknown,No
HDAC1,Unknown,No
HDAC10,Unknown,No
HDAC2,Unknown,No
HDAC3,Unknown,No
HDAC4,Unknown,No
HDAC5,Unknown,No
HDAC6,Unknown,No
HDAC7,Unknown,No
HDAC8,Unknown,No
HDAC9,Unknown,No
HELZ2,Unknown,No
HIPK2,Unknown,No
HIRA,Unknown,No
HIST1H1A,Unknown,No
HIST1H1B,Unknown,No
HIST1H1C,Unknown,No
HIST1H1D,Unknown,No
HIST1H1E,Unknown,No
HIST1H1T,Unknown,No
HLA-DQB1,Unknown,No
HLA-DQB2,Unknown,No
HLA-DRB1,Unknown,No
HLA-DRB3,Unknown,No
HLA-DRB5,Unknown,No
HLTF,Unknown,No
HMOX1,Unknown,No
HNRNPA1,Unknown,No
HNRNPA3,Unknown,No
HNRNPAB,Unknown,No
HNRNPCL2,Unknown,No
HNRNPD,Unknown,No
HNRNPDL,Unknown,No
HNRNPK,Unknown,No
HNRNPL,Unknown,No
HNRNPU,Unknown,No
HP1BP3,Unknown,No
HR,Unknown,No
HSBP1,Unknown,No
HSPA1A,Unknown,No
HSPA1B,Unknown,No
ICAM1,Unknown,No
IFI16,Unknown,No
IFNB1,Unknown,No
IGHM,Unknown,No
IKBKB,Unknown,No
IKBKG,Unknown,No
IL10,Unknown,No
IL1B,Unknown,No
IL1RAP,Unknown,No
IL4,Unknown,No
IL5,Unknown,No
IL6,Unknown,No
INF2,Unknown,No
ING4,Unknown,No
INS,Unknown,No
IRAK1,Unknown,No
IRAK2,Unknown,No
IRAK3,Unknown,No
IRF2BP1,Unknown,No
ITCH,Unknown,No
ITGB2,Unknown,No
ITGB3BP,Unknown,No
IZUMO2,Unknown,No
JADE1,Unknown,No
JAK2,Unknown,No
JMY,Unknown,No
JUP,Unknown,No
KANSL2,Unknown,No
KAT2A,Unknown,No
KAT2B,Unknown,No
KAT5,Unknown,No
KAT6A,Unknown,No
KAT6B,Unknown,No
KAT8,Unknown,No
KCNIP3,Unknown,Yes
KDM1A,Unknown,No
KDM3A,Unknown,No
KEAP1,Unknown,No
KIAA1549,Unknown,No
KIAA1683,Unknown,No
KIAA1958,Unknown,No
KIT,Unknown,No
KNTC1,Unknown,No
KRAS,Unknown,No
KRBOX1,Unknown,No
KRTAP5-1,Unknown,No
KRTAP5-9,Unknown,No
KRTAP9-9,Unknown,No
LARP1,Unknown,No
LARP1B,Unknown,No
LARP4,Unknown,No
LARP4B,Unknown,No
LARP6,Unknown,No
LARP7,Unknown,No
LGALS9,Unknown,No
LGR4,Unknown,No
LIG1,Unknown,No
LIG3,Unknown,No
LMO2,Unknown,No
LMO4,Unknown,No
LPP,Unknown,No
LRP5,Unknown,No
LRP6,Unknown,No
LRP8,Unknown,No
LRRFIP1,Unknown,No
LRRFIP2,Unknown,No
LSR,Unknown,No
LTF,Unknown,Yes
LTN1,Unknown,No
LZTFL1,Unknown,No
LZTR1,Unknown,No
LZTS1,Unknown,No
MACC1,Unknown,No
MACF1,Unknown,No
MAD2L2,Unknown,No
MALT1,Unknown,No
MAML1,Unknown,No
MAML3,Unknown,No
MAP2K5,Unknown,No
MAP3K10,Unknown,No
MAP3K13,Unknown,No
MAP3K7,Unknown,No
MAPK1,Unknown,No
MAPK10,Unknown,No
MAPK11,Unknown,No
MAPK14,Unknown,No
MAPK3,Unknown,No
MAPK8,Unknown,No
MAPK9,Unknown,No
MATR3,Unknown,No
MAVS,Unknown,No
MB21D1,Unknown,No
MBTPS2,Unknown,No
MDFI,Unknown,No
MDM2,Unknown,No
MDM4,Unknown,No
MED1,Unknown,No
MED12,Unknown,No
MED13,Unknown,No
MED13L,Unknown,No
MED14,Unknown,No
MED15,Unknown,No
MED16,Unknown,No
MED17,Unknown,No
MED21,Unknown,No
MED23,Unknown,No
MED24,Unknown,No
MED6,Unknown,No
MEN1,Unknown,No
MET,Unknown,No
MGMT,Unknown,No
MID2,Unknown,No
MINK1,Unknown,No
MKL1,Unknown,No
MKL2,Unknown,No
MKRN3,Unknown,No
MLLT1,Unknown,No
MLLT10,Unknown,No
MLLT11,Unknown,No
MLLT3,Unknown,No
MLLT6,Unknown,No
MN1,Unknown,No
MNAT1,Unknown,No
MPG,Unknown,No
MRPL28,Unknown,No
MRRF,Unknown,No
MSH2,Unknown,No
MSH3,Unknown,No
MSH6,Unknown,No
MSL3,Unknown,No
MSRB2,Unknown,No
MST1R,Unknown,No
MTDH,Unknown,No
MTF2,Unknown,Yes
MTPN,Unknown,No
MUS81,Unknown,No
MYBBP1A,Unknown,No
MYCBP,Unknown,No
MYD88,Unknown,No
MYEF2,Unknown,No
MYOCD,Unknown,No
NAB2,Unknown,No
NABP2,Unknown,No
NACC2,Unknown,Yes
NCOA4,Unknown,No
NCOA5,Unknown,No
NCOA6,Unknown,No
NCOA7,Unknown,No
NDN,Unknown,No
NDP,Unknown,No
NEIL1,Unknown,No
NFAM1,Unknown,No
NFE4,Unknown,Yes
NFKBIA,Unknown,No
NFKBIB,Unknown,No
NFKBID,Unknown,No
NFKBIL1,Unknown,No
NFKBIZ,Unknown,No
NFRKB,Unknown,No
NFYB,Unknown,Yes
NFYC,Unknown,Yes
NKRF,Unknown,Yes
NLRC3,Unknown,No
NLRC4,Unknown,No
NLRC5,Unknown,No
NLRP12,Unknown,No
NLRP2B,Unknown,No
NLRP3,Unknown,No
NME2,Unknown,Yes
NOC3L,Unknown,No
NOC4L,Unknown,No
NOCT,Unknown,No
NOD1,Unknown,No
NOD2,Unknown,No
NODAL,Unknown,No
NONO,Unknown,No
NOP2,Unknown,No
NOTCH1,Unknown,No
NOTCH2,Unknown,No
NOTCH3,Unknown,No
NPM1,Unknown,No
NR0B2,Unknown,No
NRF1,Unknown,Yes
NRG1,Unknown,No
NRIP1,Unknown,No
NRIP3,Unknown,No
NRK,Unknown,No
NSD1,Unknown,No
NTRK1,Unknown,No
NUCKS1,Unknown,No
NUP98,Unknown,No
OGG1,Unknown,No
OPRD1,Unknown,No
OTOP3,Unknown,No
OTULIN,Unknown,No
PA2G4,Unknown,Yes
PABPN1,Unknown,No
PARK7,Unknown,No
PARP1,Unknown,No
PARP10,Unknown,No
PAWR,Unknown,No
PAXBP1,Unknown,No
PAXIP1,Unknown,No
PCBD1,Unknown,No
PCBP1,Unknown,No
PCBP2,Unknown,No
PCBP3,Unknown,No
PCGF2,Unknown,Yes
PCGF6,Unknown,Yes
PCNA,Unknown,No
PCSK6,Unknown,No
PDCD7,Unknown,No
PDS5B,Unknown,No
PELI1,Unknown,No
PER1,Unknown,No
PER2,Unknown,No
PER3,Unknown,No
PEX14,Unknown,No
PFDN1,Unknown,No
PGBD1,Unknown,No
PGS1,Unknown,No
PHB,Unknown,No
PHB2,Unknown,No
PHF1,Unknown,Yes
PHF19 ,Unknown,Yes
PHF5A,Unknown,No
PHTF1,Unknown,No
PHTF2,Unknown,No
PIAS1,Unknown,No
PIAS2,Unknown,No
PIAS3,Unknown,No
PIAS4,Unknown,No
PIDD1,Unknown,No
PIKFYVE,Unknown,No
PIM1,Unknown,No
PINK1,Unknown,No
PKHD1,Unknown,No
PKHD1L1,Unknown,No
PLA2G10,Unknown,No
PLA2G1B,Unknown,No
PLEK,Unknown,No
PLEK2,Unknown,No
PLEKHA4,Unknown,No
PLPP3,Unknown,No
PLSCR1,Unknown,Yes
PLXNA1,Unknown,No
PLXNA2,Unknown,No
PLXNA3,Unknown,No
PLXNA4,Unknown,No
PLXNB1,Unknown,No
PLXNB2,Unknown,No
PLXNB3,Unknown,No
PLXNC1,Unknown,No
PLXND1,Unknown,No
PML,Unknown,No
PNKP,Unknown,No
POGZ,Unknown,No
POLA1,Unknown,No
POLB,Unknown,No
POLE3,Unknown,No
POLE4,Unknown,No
POLG,Unknown,No
POLH,Unknown,No
POLI,Unknown,No
POLK,Unknown,No
POLL,Unknown,No
POLM,Unknown,No
POLN,Unknown,No
POLQ,Unknown,No
POLR1B,Unknown,No
POLR2A,Unknown,No
POLR2B,Unknown,No
POLR2E,Unknown,No
POLR2J,Unknown,No
POLR2K,Unknown,No
POLR2L,Unknown,No
POLR3A,Unknown,No
POLRMT,Unknown,No
POT1,Unknown,No
POU2AF1,Unknown,Yes
PPARGC1A,Unknown,No
PPARGC1B,Unknown,No
PPP1R13L,Unknown,No
PPP2R3B,Unknown,No
PPP2R5B,Unknown,No
PPP3CA,Unknown,No
PPRC1,Unknown,No
PQBP1,Unknown,No
PRAM1,Unknown,No
PRAP1,Unknown,No
PRB3,Unknown,No
PRDM7,Unknown,No
PRDX3,Unknown,No
PREB,Unknown,Yes
PREX1,Unknown,No
PREX2,Unknown,No
PRH2,Unknown,No
PRIM2,Unknown,No
PRIMPOL,Unknown,No
PRKCB,Unknown,No
PRKCH,Unknown,No
PRKCI,Unknown,No
PRKCQ,Unknown,No
PRKCZ,Unknown,No
PRKD1,Unknown,No
PRKD2,Unknown,No
PRKN,Unknown,No
PRMT2,Unknown,No
PRNP,Unknown,No
PSMA6,Unknown,No
PSMC5,Unknown,No
PSMD10,Unknown,No
PSMD11,Unknown,No
PSMD12,Unknown,No
PSPC1,Unknown,No
PTCH1,Unknown,No
PTEN,Unknown,No
PTGIS,Unknown,No
PTH,Unknown,No
PTTG1,Unknown,No
PUM3,Unknown,No
PURA,Unknown,Yes
PURB,Unknown,Yes
PURG,Unknown,Yes
PYCARD,Unknown,No
PYDC1,Unknown,No
PYDC2,Unknown,No
QRICH1,Unknown,No
RAB7B,Unknown,No
RAD21,Unknown,No
RAD51,Unknown,No
RAG1,Unknown,Yes
RAI1,Unknown,No
RAPGEF3,Unknown,No
RAPGEF4,Unknown,No
RAPGEF5,Unknown,No
RB1,Unknown,No
RBBP7,Unknown,No
RBCK1,Unknown,Yes
RBL1,Unknown,No
RBL2,Unknown,No
RBM10,Unknown,No
RBM20,Unknown,No
RBM22,Unknown,No
RBM26,Unknown,No
RBM27,Unknown,No
RBM5,Unknown,No
RBM6,Unknown,No
RCAN1,Unknown,No
RECQL,Unknown,No
RELL2,Unknown,No
RELN,Unknown,No
REV1,Unknown,No
REXO4,Unknown,Yes
RFC1,Unknown,No
RFXANK,Unknown,No
RFXAP,Unknown,No
RGCC,Unknown,No
RGS11,Unknown,No
RGS6,Unknown,No
RGS7,Unknown,No
RGS9,Unknown,No
RHEBL1,Unknown,No
RING1,Unknown,No
RIOK2,Unknown,No
RIPK1,Unknown,No
RIPK2,Unknown,No
RIPK3,Unknown,No
RIPK4,Unknown,No
RLIM,Unknown,No
RNASE2,Unknown,No
RNASEH1,Unknown,No
RNF114,Unknown,No
RNF125,Unknown,No
RNF138,Unknown,No
RNF14,Unknown,No
RNF166,Unknown,No
RNF2,Unknown,No
RNF25,Unknown,No
RNF31,Unknown,No
RNF4,Unknown,No
RNF41,Unknown,No
RPA2,Unknown,No
RPA4,Unknown,No
RPL7,Unknown,No
RPL7A,Unknown,No
RPS27A,Unknown,No
RPS6KA4,Unknown,No
RPS6KA5,Unknown,No
RRN3,Unknown,No
RUNX1T1,Unknown,No
RWDD3,Unknown,No
RYBP,Unknown,No
S100A12,Unknown,No
S100A8,Unknown,No
S100A9,Unknown,No
SAFB,Unknown,Yes
SAFB2,Unknown,Yes
SAV1,Unknown,No
SCAND1,Unknown,No
SCAND2P,Unknown,No
SCAPER,Unknown,No
SCMH1,Unknown,Yes
SCML1,Unknown,No
SCML2,Unknown,No
SEMA4A,Unknown,No
SERTAD1,Unknown,No
SERTAD2,Unknown,No
SETD6,Unknown,No
SF3A2,Unknown,No
SF3A3,Unknown,No
SFPQ,Unknown,No
SFRP4,Unknown,No
SFRP5,Unknown,No
SFTPB,Unknown,No
SGK1,Unknown,No
SGK3,Unknown,No
SHH,Unknown,No
SHPRH,Unknown,No
SIGIRR,Unknown,No
SIK1,Unknown,No
SIN3A,Unknown,No
SIN3B,Unknown,No
SIRT1,Unknown,No
SIRT2,Unknown,No
SIRT3,Unknown,No
SIRT6,Unknown,No
SIVA1,Unknown,No
SKI,Unknown,Yes
SKIDA1,Unknown,No
SKIL,Unknown,Yes
SKOR1,Unknown,Yes
SLC22A4,Unknown,No
SLC26A10,Unknown,No
SLC26A3,Unknown,No
SLC30A9,Unknown,No
SLC39A10,Unknown,No
SLC4A10,Unknown,No
SMARCA2,Unknown,No
SMARCA4,Unknown,No
SMARCAL1,Unknown,No
SMARCB1,Unknown,No
SMARCD1,Unknown,No
SMARCD2,Unknown,No
SMARCD3,Unknown,No
SMC3,Unknown,No
SMO,Unknown,No
SMUG1,Unknown,No
SMYD1,Unknown,No
SMYD3,Unknown,Yes
SNAPC2,Unknown,Yes
SNAPC5,Unknown,Yes
SNRPC,Unknown,No
SNURF,Unknown,No
SNW1,Unknown,No
SOGA3,Unknown,No
SON,Unknown,Yes
SORBS2,Unknown,No
SPEN,Unknown,Yes
SPHK1,Unknown,No
SPZ1,Unknown,Yes
SSB,Unknown,No
SSBP2,Unknown,No
SSBP3,Unknown,No
SSBP4,Unknown,No
SSH1,Unknown,No
SSH2,Unknown,No
SSH3,Unknown,No
SSX1,Unknown,No
STAG1,Unknown,No
STK16,Unknown,No
STK3,Unknown,No
STK36,Unknown,No
STRN,Unknown,No
STRN3,Unknown,No
SUB1,Unknown,No
SUFU,Unknown,No
SUMO1,Unknown,No
SUPT16H,Unknown,No
SUPT4H1,Unknown,No
SUPT5H,Unknown,No
SUPT6H,Unknown,No
SUV39H1,Unknown,No
SUV39H2,Unknown,No
SUZ12,Unknown,No
SYK,Unknown,No
TAB1,Unknown,No
TAB2,Unknown,No
TAB3,Unknown,No
TADA3,Unknown,No
TAF1,Unknown,No
TAF10,Unknown,No
TAF11,Unknown,No
TAF12,Unknown,No
TAF13,Unknown,No
TAF1A,Unknown,No
TAF1B,Unknown,No
TAF1C,Unknown,No
TAF1L,Unknown,No
TAF2,Unknown,No
TAF3,Unknown,No
TAF4,Unknown,No
TAF4B,Unknown,No
TAF5,Unknown,No
TAF5L,Unknown,No
TAF6,Unknown,No
TAF6L,Unknown,No
TAF7,Unknown,No
TAF7L,Unknown,No
TAF8,Unknown,No
TAF9,Unknown,No
TAF9B,Unknown,No
TARDBP,Unknown,No
TAX1BP1,Unknown,No
TBL1Y,Unknown,No
TCEA2,Unknown,No
TCEAL1,Unknown,No
TCEAL7,Unknown,No
TCEAL8,Unknown,No
TCF19,Unknown,No
TCF20,Unknown,Yes
TCF25,Unknown,No
TDG,Unknown,No
TDP1,Unknown,No
TDP2,Unknown,No
TET2,Unknown,Yes
TGFB1,Unknown,No
TGFB1I1,Unknown,No
TGS1,Unknown,No
THRAP3,Unknown,No
THYN1,Unknown,Yes
TIA1,Unknown,No
TICAM1,Unknown,No
TIPARP,Unknown,No
TIRAP,Unknown,No
TLE1,Unknown,No
TLE2,Unknown,No
TLE3,Unknown,No
TLE4,Unknown,No
TLE6,Unknown,No
TLR2,Unknown,No
TLR3,Unknown,No
TLR4,Unknown,No
TLR9,Unknown,No
TMEM235,Unknown,No
TMF1,Unknown,Yes
TNF,Unknown,No
TNFAIP3,Unknown,No
TNFRSF11A,Unknown,No
TNFRSF4,Unknown,No
TNFSF11,Unknown,No
TNFSF18,Unknown,No
TNFSF4,Unknown,No
TONSL,Unknown,No
TOP1,Unknown,No
TOP2A,Unknown,No
TOP2B,Unknown,No
TOPORS,Unknown,Yes
TP53BP1,Unknown,No
TRADD,Unknown,No
TRAF1,Unknown,No
TRAF2,Unknown,No
TRAF3,Unknown,No
TRAF4,Unknown,No
TRAF5,Unknown,No
TRAF6,Unknown,No
TRAPPC9,Unknown,No
TREX1,Unknown,No
TRIB1,Unknown,No
TRIB3,Unknown,No
TRIM13,Unknown,No
TRIM14,Unknown,No
TRIM15,Unknown,No
TRIM21,Unknown,No
TRIM22,Unknown,No
TRIM23,Unknown,No
TRIM24,Unknown,No
TRIM25,Unknown,No
TRIM26,Unknown,No
TRIM27,Unknown,No
TRIM28,Unknown,No
TRIM29,Unknown,No
TRIM3,Unknown,No
TRIM31,Unknown,No
TRIM32,Unknown,No
TRIM33,Unknown,No
TRIM34,Unknown,No
TRIM37,Unknown,No
TRIM38,Unknown,No
TRIM40,Unknown,No
TRIM5,Unknown,No
TRIM52,Unknown,No
TRIM62,Unknown,No
TRIM8,Unknown,No
TRIP11,Unknown,No
TRIT1,Unknown,No
TRMT1L,Unknown,No
TRRAP,Unknown,No
TSC2,Unknown,No
TSC22D1,Unknown,Yes
TSC22D2,Unknown,No
TSC22D3,Unknown,No
TSC22D4,Unknown,No
TSN,Unknown,No
TSSK4,Unknown,No
TUB,Unknown,No
TULP4,Unknown,No
TUT1,Unknown,No
TXK,Unknown,No
U2AF1,Unknown,No
U2AF1L4,Unknown,No
UBA52,Unknown,No
UBB,Unknown,No
UBC,Unknown,No
UBE2K,Unknown,No
UBE2N,Unknown,No
UBE2V1,Unknown,No
UBN1,Unknown,No
UBR4,Unknown,No
UBTFL6,Unknown,No
UFL1,Unknown,No
UHRF1,Unknown,No
UHRF2,Unknown,No
UNG,Unknown,No
USP39,Unknown,No
USP7,Unknown,No
UTF1,Unknown,No
VAV1,Unknown,No
VEGFA,Unknown,No
VGLL1,Unknown,No
VGLL2,Unknown,No
VGLL3,Unknown,No
VHLL,Unknown,No
VPS72,Unknown,No
WFS1,Unknown,No
WNT1,Unknown,No
WNT10B,Unknown,No
WNT2,Unknown,No
WNT3A,Unknown,No
WNT5A,Unknown,No
WNT8B,Unknown,No
WRN,Unknown,No
WWOX,Unknown,No
WWP2,Unknown,No
WWTR1,Unknown,No
XCL1,Unknown,No
XPA,Unknown,Yes
YEATS2,Unknown,No
YEATS4,Unknown,No
YOD1,Unknown,No
ZBED6CL,Unknown,No
ZBP1,Unknown,No
ZCCHC11,Unknown,No
ZCCHC6,Unknown,No
ZDHHC11,Unknown,No
ZDHHC19,Unknown,No
ZMAT2,Unknown,No
ZNF137P,Unknown,No
ZNF185,Unknown,No
ZNF638,Unknown,No
ZNF720,Unknown,No
ZNF738,Unknown,No
ZNF862,Unknown,No
ZNFX1,Unknown,No
ZRANB2,Unknown,No
TP53,p53,Yes
TP63,p53,Yes
TP73,p53,Yes
PAX1,Paired box,Yes
PAX5,Paired box,Yes
PAX8,Paired box,Yes
PAX9,Paired box,Yes
LCOR,Pipsqueak,Yes
LCORL,Pipsqueak,Yes
PROX1,Prospero,Yes
PROX2,Prospero,Yes
NFAT5,Rel,Yes
NFATC1,Rel,Yes
NFATC2,Rel,Yes
NFATC3,Rel,Yes
NFATC4,Rel,Yes
NFKB1,Rel,Yes
NFKB2,Rel,Yes
REL,Rel,Yes
RELA,Rel,Yes
RELB,Rel,Yes
RFX1,RFX,Yes
RFX2,RFX,Yes
RFX3,RFX,Yes
RFX4,RFX,Yes
RFX5,RFX,Yes
RFX6,RFX,Yes
RFX7,RFX,Yes
RFX8,RFX,Yes
RUNX1,Runt,Yes
RUNX2,Runt,Yes
RUNX3,Runt,Yes
AIRE,SAND,Yes
DEAF1,SAND,Yes
GLA,SAND,No
GMEB1,SAND,Yes
GMEB2,SAND,Yes
SKOR2,SAND,Yes
SP100,SAND,Yes
SP110,SAND,Yes
SP140,SAND,Yes
SP140L,SAND,Yes
SART1,SART-1,No
RPL36A,SBP,No
NFIA,SMAD,Yes
NFIB,SMAD,Yes
NFIC,SMAD,Yes
NFIX,SMAD,Yes
SMAD1,SMAD,Yes
SMAD2,SMAD,No
SMAD3,SMAD,Yes
SMAD4,SMAD,Yes
SMAD5,SMAD,Yes
SMAD6,SMAD,No
SMAD7,SMAD,No
SMAD9,SMAD,Yes
STAT1,STAT,Yes
STAT2,STAT,Yes
STAT3,STAT,Yes
STAT4,STAT,Yes
STAT5A,STAT,Yes
STAT5B,STAT,Yes
STAT6,STAT,Yes
EOMES,T-box,Yes
MGA,T-box,Yes
T,T-box,Yes
TBR1,T-box,Yes
TBX1,T-box,Yes
TBX10,T-box,Yes
TBX15,T-box,Yes
TBX18,T-box,Yes
TBX19,T-box,Yes
TBX2,T-box,Yes
TBX20,T-box,Yes
TBX21,T-box,Yes
TBX22,T-box,Yes
TBX3,T-box,Yes
TBX4,T-box,Yes
TBX5,T-box,Yes
TBX6,T-box,Yes
TBP,TBP,Yes
TBPL1,TBP,Yes
TBPL2,TBP,Yes
LIN54,TCR/CxC,Yes
TESMIN,TCR/CxC,No
APOA4,TEA,No
TEAD1,TEA,Yes
TEAD2,TEA,Yes
TEAD3,TEA,Yes
TEAD4,TEA,Yes
THAP1,THAP finger,Yes
THAP10,THAP finger,Yes
THAP11,THAP finger,Yes
THAP12,THAP finger,Yes
THAP2,THAP finger,Yes
THAP3,THAP finger,Yes
THAP4,THAP finger,Yes
THAP5,THAP finger,Yes
THAP6,THAP finger,Yes
THAP7,THAP finger,Yes
THAP8,THAP finger,Yes
THAP9,THAP finger,Yes
ZFAND5,ZZ-type ZF,No